0.130081,0.285714,0,0.035088,0.146479,0.016998,0.006452,0.078125,0.09322,0.388889,0.146306,1,0,0.74,0.344444,0.4,0.266667,0.070241,0.011628,0.036932,0
0.097561,0.142857,0.482759,0.134503,0.064789,0,0.109677,0.125,0.101695,0.181818,0.042828,1,0.111111,0.731707,0.21875,0.2,0.233333,0.025803,0.05814,0.071968,0
0.430894,0,0,0.19883,0.422535,0.206708,0.141935,0.234375,0.415254,0.500801,0.60046,0.375,0,0,0.125,0,0,0.087069,0.569767,0.199827,1
0.398374,0.285714,0.068966,0.251462,0.28169,0.178479,0.219355,0.1875,0.389831,0.5,0.213567,0,0.055556,0.606838,0.122222,0.6,0.7,0.032438,0.186047,0.084414,0
0.00813,0,0,0.02924,0.002817,0,0.032258,0.015625,0.008475,1,0.000287,0,0,0,1,0,0,0,0.011628,0.045455,0
0.073171,0,0,0.046784,0.025352,0.005464,0.045161,0.015625,0.076271,1,0.002587,0,0,0,0.333333,0,0,0,0.011628,0.045455,0
0.056911,0.428571,0,0.105263,0.078873,0.002277,0.025806,0.21875,0.050847,0.25,0.047715,1,0,0.973094,0.314286,0.8,0.233333,0.051769,0.011628,0.038959,1
0.065041,0.285714,0,0.023392,0.061972,0.00425,0.006452,0.046875,0.059322,1,0.050877,0,0,0.860465,0.375,0.4,0.133333,0.048452,0.011628,0.034091,0
0.065041,0,0,0.005848,0.022535,0.00425,0,0.015625,0.067797,1,0.0023,0,0,0,0.28125,0,0,0,0.011628,0.045455,0
0.04065,0.142857,0,0.017544,0.04507,0.000607,0.006452,0.03125,0.042373,0,0.03708,1,0,0.851852,0.4,0,0,0.055963,0.05814,0.072727,0
0.04065,0,0,0.005848,0.016901,0,0.006452,0,0.042373,0.125,0.009198,1,0,0,0.533333,0.2,0.033333,0.011927,0.023256,0.036364,0
0.268293,0,0.344828,0.660819,0.149296,0.07983,0.664516,0.328125,0.271186,0.499023,0.086232,0,0.888889,0,0.234375,0,0,0.017445,0.023256,0.045455,0
0.056911,0,0,0.040936,0.050704,0,0.019355,0.09375,0.042373,0.25,0.044553,0,0.055556,0,0.458333,0,0,0.047837,0.046512,0.064936,1
0.089431,0.142857,0,0.011696,0.056338,0,0.006452,0.015625,0.076271,0.1,0.181661,1,0,0.590909,0.381818,0.2,0.066667,0.128857,0.011628,0.037191,0
0.01626,0,0,0.005848,0.008451,0.000152,0,0.015625,0.016949,1,0.002012,0,0,0,0.75,0,0,0.005734,0.011628,0.022727,0
0.01626,0.428571,0,0.02924,0.019718,0.000152,0,0.078125,0.016949,1,0.004312,0,0,0.979592,0.75,0.2,0.2,0.014908,0.011628,0.022727,0
0.121951,0.285714,0,0.321637,0.270423,0.003491,0,0.859375,0.076271,0.39916,0.37597,1,0.444444,0.811594,0.214286,0.4,0.1,0.195107,0.162791,0.142423,0
0.00813,0,0,0,0.005634,0,0,0,0.008475,1,0.00115,0,0,0,1,0,0,0.006881,0,0,0
0.390244,0,0,0.046784,0.298592,0.058886,0.006452,0.109375,0.220339,0.447851,0.667146,0.901961,0.111111,0,0.236702,0,0,0.106174,0.244186,0.086173,0
0.02439,0.571429,0,0.017544,0.011268,0.000455,0.006452,0.03125,0.025424,1,0.0023,0,0,0.990698,0.666667,0.2,0.066667,0.003823,0.011628,0.030305,0
0.073171,0,0,0.017544,0.067606,0,0.012903,0.03125,0,0.446429,0.101466,0,0.055556,0,0.62963,0,0,0.085882,0.034884,0.065655,0
0.056911,0.285714,0,0.087719,0.101408,0,0,0.234375,0.050847,0.407407,0.06956,0.444444,0.111111,0.934211,0.285714,0.4,0.266667,0.07405,0.034884,0.05195,0
0.130081,0.142857,0,0.023392,0.067606,0.018212,0.012903,0.03125,0.118644,1,0.065824,0,0,0.821429,0.304688,0.2,0.233333,0.030533,0.011628,0.042614,0
0.03252,0,0,0.391813,0.011268,0.000911,0.432258,0,0.033898,1,0.00115,0,0,0,0.583333,0,0,0,0.011628,0.045455,0
0.04878,0.285714,0,0.05848,0.123944,0.002277,0,0.15625,0.042373,0.5,0.176775,0,0,0.615385,0.375,0.6,0.2,0.232034,0.081395,0.090909,1
0.04065,0,0.034483,0.099415,0.016901,0.001518,0.096774,0.03125,0.042373,1,0.0023,0,0,0,0.4,0,0,0.001376,0.011628,0.036364,0
0.04065,0.285714,0,0.023392,0.047887,0.001518,0,0.0625,0.042373,1,0.02127,0,0,0.98,0.466667,0.4,0.166667,0.031651,0.186047,0.172727,0
0.065041,0.285714,0,0.005848,0.059155,0.00425,0.006452,0,0.059322,0.571429,0.078471,0,0,0.857143,0.225,0,0,0.039851,0.023256,0.039773,0
0.04065,0.571429,0,0.076023,0.064789,0.000607,0.006452,0.203125,0.025424,0.375,0.072147,1,0.111111,0.968992,0.44,0.2,0.166667,0.111009,0.116279,0.136364,1
0,0,0,0.035088,0,0,0.032258,0.015625,0,1,0.054039,0,0,0,0,0,0,0,0,0,0
0.113821,0,0,0.087719,0.101408,0.005919,0.019355,0.1875,0.118644,0.413462,0.098592,0.75,0,0,0.196429,0,0,0.051933,0.023256,0.0487,0
0.00813,0,0,0,0.005634,0,0,0,0.008475,1,0.0023,0,0,0,1,0,0,0.006881,0,0,0
0.081301,0,0,0.070175,0.166197,0,0.045161,0.078125,0.059322,0.152778,0.171314,0.75,0.055556,0,0.44,0,0,0.133486,0.011628,0.031818,0
0.03252,0.571429,0,0.02924,0.033803,0,0.006452,0.0625,0.016949,0.318182,0.051452,1,0,0.989529,0.55,0.2,0.033333,0.094037,0.011628,0.022727,0
0.03252,0.285714,0,0.122807,0.073239,0,0,0.328125,0.025424,0.166667,0.035355,1,0.055556,0.949153,0.4,0.4,0.166667,0.067661,0.023256,0.045455,0
0.065041,0,0,0.011696,0.033803,0,0.012903,0,0.067797,0.261905,0.062374,0.833333,0,0,0.583333,0,0,0.0582,0.046512,0.085227,0
0.02439,0.285714,0,0.035088,0.019718,0.000455,0.006452,0.078125,0.025424,1,0.011498,0,0,0.953488,0.555556,0.4,0.066667,0.028287,0.011628,0.030305,0
0.04065,0.428571,0,0.111111,0.061972,0.000607,0.006452,0.296875,0.042373,0.25,0.064674,1,0,0.969697,0.4,0.4,0.133333,0.100459,0.151163,0.136364,0
0.04878,0,0,0.023392,0.047887,0,0.019355,0.015625,0.050847,0.35,0.052601,0,0,0,0.722222,0,0,0.065367,0.081395,0.083332,0
0.01626,0.571429,0,0.02924,0.016901,0.000152,0,0.078125,0.016949,1,0.004024,0,0,0.982143,0.75,0.4,0.233333,0.013761,0.011628,0.022727,0
0.089431,0,0,0.023392,0.050704,0.000759,0.012903,0.03125,0.067797,0.357143,0.071285,0.714286,0.111111,0,0.366667,0,0,0.046497,0.05814,0.05785,0
0.01626,0,0,0.011696,0.008451,0.000152,0.012903,0,0,0.5,0.010923,0,0.055556,0,1,0,0,0.036697,0.023256,0.045455,0
0.121951,0,0,0.046784,0.070423,0.007437,0.012903,0.09375,0.101695,0.416667,0.039954,0.833333,0.166667,0,0.208333,0,0,0.018043,0.069767,0.057577,0
0.056911,0.142857,0,0.081871,0.056338,0,0.006452,0.203125,0.059322,0,0.02127,1,0.055556,0.5,0.25974,0,0,0.021625,0.011628,0.032468,0
0.089431,0.142857,0.137931,0.070175,0.056338,0,0.03871,0.109375,0.09322,0.1,0.025295,1,0.055556,0.75,0.227273,0.2,0.233333,0.015847,0.034884,0.061982,0
0.121951,0.571429,0,0.152047,0.2,0,0.025806,0.390625,0.127119,0.267857,0.143432,1,0.055556,0.954064,0.193939,0,0,0.0737,0.023256,0.042423,0
0.02439,0.571429,0,0.035088,0.028169,0.000455,0.006452,0.078125,0.008475,1,0.008623,0,0,0.990698,0.583333,0.2,0.066667,0.020642,0.011628,0.030305,0
0.02439,0.571429,0,0.02924,0.016901,0.000152,0.006452,0.0625,0.016949,0.25,0.008048,1,0,0.992806,0.625,0.4,0.1,0.018349,0.023256,0.030305,0
0.073171,0.571429,0,0.081871,0.121127,0,0.012903,0.1875,0.067797,0.291667,0.122449,1,0.055556,0.94697,0.277778,0.6,0.366667,0.105505,0.162791,0.126264,1
0.065041,0.142857,0.034483,0.02924,0.047887,0,0.019355,0.03125,0.067797,0,0.01351,0,0.055556,0.740741,0.416667,0.2,0.033333,0.010894,0.011628,0.039773,0
0.01626,0.571429,0,0.035088,0.022535,0.000152,0.006452,0.078125,0,1,0.005461,0,0,0.995327,0.666667,0.2,0.033333,0.019495,0.011628,0.022727,0
0.01626,0.571429,0,0.040936,0.022535,0.000152,0,0.109375,0.016949,1,0.009773,0,0,0.982456,0.75,0.2,0.2,0.036697,0.011628,0.022727,0
0.00813,0.714286,0,0.005848,0.005634,0,0.006452,0.015625,0.008475,1,0.001725,0,0,1,1,0,0,0.011468,0,0,0
0.04878,0,0,0.105263,0.016901,0.002277,0.103226,0.046875,0.050847,1,0.001725,0,0,0,0.5,0,0,0,0.011628,0.045455,1
0.056911,0.285714,0,0.05848,0.04507,0.001366,0.006452,0.140625,0.050847,0.25,0.015809,1,0.055556,0.970297,0.314286,0.4,0.166667,0.0154,0.023256,0.045455,0
0.138211,0,0,0.350877,0.180282,0.011838,0.283871,0.25,0.144068,0.484375,0.132797,0.2,0.055556,0,0.211765,0,0,0.058689,0.023256,0.042782,0
0.113821,0,0,0.076023,0.064789,0.008347,0.077419,0.03125,0.110169,0.076923,0.060937,1,0.111111,0,0.42735,0,0,0.03211,0.011628,0.038959,0
0.943089,0,0,0.350877,0.571831,0.748824,0.283871,0.75,0.525424,0.452795,0.836735,1,0.333333,0,0.103865,0,0,0.05471,0.151163,0.094436,1
0.01626,0,0,0.005848,0.019718,0,0,0.015625,0.016949,0,0.01006,1,0.111111,0,0.666667,0,0,0.03555,0.023256,0.045455,0
0.00813,0.142857,0,0.02924,0.008451,0,0,0.078125,0.008475,1,0.002012,0,0,1,1,0,0,0.013761,0,0,0
0.02439,0.571429,0,0.099415,0.092958,0.000152,0.006452,0.25,0.016949,0.25,0.050877,1,0,0.982456,0.75,0.2,0.233333,0.132263,0.011628,0.01515,0
0.276423,0,0,0.070175,0.349296,0.032023,0,0.1875,0.237288,0.328283,0.459902,1,0.166667,0,0.196078,0,0,0.105032,0.081395,0.073527,0
0.02439,0.142857,0.896552,0.216374,0.025352,0.000455,0.187097,0.125,0.016949,1,0.006899,0,0,0.964286,0.5,0.2,0.066667,0.016055,0.011628,0.030305,0
0.03252,0,0,0.052632,0.078873,0.000304,0.012903,0.125,0.016949,0.166667,0.136533,0,0.055556,0,0.583333,0,0,0.268922,0.011628,0.034091,0
0.170732,0.285714,0,0.017544,0.121127,0,0,0.046875,0.161017,0.25,0.143145,1,0,0.5,0.220238,0.2,0.066667,0.051551,0.034884,0.047618,0
0.056911,0.285714,0,0.116959,0.04507,0.000152,0.006452,0.296875,0.059322,0.166667,0.020121,1,0,0.922078,0.371429,0.4,0.266667,0.020315,0.023256,0.05195,0
0.097561,0,0,0.005848,0.033803,0.010017,0.006452,0,0.101695,1,0.003449,0,0,0,0.444444,0,0,0,0.011628,0.045455,0
0.03252,0,0,0,0.028169,0,0,0,0,0.633333,0.02587,0,0,0,0.833333,0,0,0.034977,0.046512,0.090909,0
0.178862,0,0.206897,0.093567,0.121127,0,0.058065,0.109375,0.161017,0.119048,0.043691,0,0.055556,0,0.265152,0,0,0.013449,0.011628,0.041323,0
0.073171,0,0,0.116959,0.025352,0.005464,0.103226,0.0625,0.076271,1,0.002587,0,0,0,0.296296,0,0,0,0.011628,0.045455,0
0.113821,0.142857,0,0.175439,0.109859,0.010776,0.03871,0.390625,0.110169,0.269231,0.048002,1,0,0.733333,0.222222,0.4,0.1,0.024902,0.023256,0.045455,0
0.00813,0,0,0.023392,0.002817,0,0.012903,0.03125,0.008475,1,0.000287,0,0,0,1,0,0,0,0.011628,0.045455,0
0.00813,0.428571,0.034483,0.017544,0.005634,0,0.012903,0.015625,0.008475,1,0.00115,0,0,1,1,0,0,0.006881,0,0,0
0.04065,0.285714,0,0.052632,0.047887,0.001214,0.006452,0.125,0.042373,0.25,0.026444,1,0,0.904762,0.4,0.2,0.2,0.03945,0.093023,0.109091,0
0.00813,0.428571,0,0.011696,0.005634,0,0.006452,0.015625,0.008475,1,0.001437,0,0,1,1,0,0,0.009174,0,0,0
0.03252,0.428571,0,0.046784,0.067606,0.000911,0,0.125,0.033898,1,0.03478,0,0,0.985366,0.625,0.4,0.133333,0.067087,0.011628,0.034091,0
0.065041,0.142857,0.034483,0.023392,0.059155,0,0.012903,0.046875,0.067797,0.119048,0.045128,1,0.111111,0.588235,0.34375,0.2,0.166667,0.041858,0.034884,0.068182,0
0.146341,0.714286,0.034483,0.333333,0.264789,0.004705,0.058065,0.765625,0.09322,0.405229,0.323369,1,0.055556,0.853448,0.261905,0.6,0.266667,0.139908,0.069767,0.118686,0
0.065041,0.142857,0,0.081871,0.076056,0.003035,0,0.21875,0.050847,0.285714,0.054326,1,0.111111,0.5,0.349206,0.2,0.033333,0.051032,0.093023,0.107955,1
0.02439,0.428571,0,0.070175,0.042254,0.000455,0,0.1875,0.025424,1,0.016959,0,0,0.979592,0.444444,0.6,0.433333,0.042813,0.034884,0.060605,0
0.01626,0.428571,0,0.035088,0.047887,0.000152,0.006452,0.078125,0.008475,1,0.018684,0,0,0.995261,0.625,0.6,0.133333,0.072248,0.011628,0.022727,0
0.02439,0.285714,0,0.011696,0.030986,0.000455,0.012903,0,0.025424,1,0.017534,0,0,0.95,0.833333,0.2,0.066667,0.044343,0.05814,0.106059,0
0.02439,0.142857,0,0.017544,0.014085,0.000455,0.006452,0.03125,0,1,0.006899,0,0,0.5,0.555556,0,0,0.016055,0.023256,0.060605,0
0.138211,0,0,0.023392,0.146479,0.007588,0,0.0625,0.135593,0.328125,0.163553,1,0,0,0.196078,0,0,0.073934,0.162791,0.085564,0
0.056911,0.142857,0,0.005848,0.03662,0,0.006452,0,0.059322,0,0.061224,1,0,0.684211,0.342857,0.2,0.066667,0.067169,0.011628,0.038959,0
0.01626,0.428571,0,0.02924,0.019718,0.000152,0,0.078125,0.016949,1,0.004886,0,0,0.979592,0.75,0.2,0.2,0.017202,0.011628,0.022727,0
0.00813,0,0,0,0.005634,0,0,0,0.008475,1,0.001437,0,0,0,1,0,0,0.006881,0,0,0
0.00813,0,0,0.017544,0.002817,0,0.019355,0,0,1,0.010348,0,0,0,0,0,0,0.06422,0,0,0
0.00813,0,0,0.023392,0.002817,0,0.012903,0.03125,0.008475,1,0.000287,0,0,0,1,0,0,0,0.011628,0.045455,0
0.03252,0.142857,0.034483,0.02924,0.028169,0.000911,0.006452,0.078125,0.033898,1,0.016671,0,0,0.823529,0.5,0.2,0.133333,0.030963,0.05814,0.079545,0
0.00813,0.285714,0.034483,0.035088,0.005634,0,0.032258,0.015625,0.008475,1,0.00115,0,0,1,1,0,0,0.006881,0,0,0
0.01626,0,0,0.011696,0.005634,0.000152,0.006452,0.015625,0.016949,1,0.000575,0,0,0,0.666667,0,0,0,0.011628,0.045455,0
0.203252,0.285714,0,0.134503,0.290141,0.031871,0.077419,0.203125,0.169492,0.458333,0.281403,0.357143,0,0.465116,0.199074,0.2,0.066667,0.086239,0.197674,0.08,1
0.162602,0.285714,0,0.046784,0.157746,0.028532,0.012903,0.09375,0.127119,0.509868,0.24691,1,0,0.709677,0.292857,0.4,0.266667,0.095298,0.139535,0.104545,1
0.02439,0,0,0.023392,0.030986,0,0.025806,0,0.025424,0,0.010923,0,0,0,0.833333,0,0,0.025994,0.011628,0.030305,0
0.01626,0,0,0.309942,0.005634,0.000152,0.341935,0.015625,0.016949,1,0.000575,0,0,0,0.75,0,0,0,0.011628,0.045455,0
0.544715,0.428571,0.034483,0.146199,0.504225,0.284262,0.019355,0.359375,0.483051,0.455556,0.653924,0.933333,0.611111,0.591195,0.131313,0.4,0.633333,0.074558,0.151163,0.105836,1
0.02439,0.285714,0,0.040936,0.019718,0.000455,0.012903,0.078125,0.025424,1,0.007186,0,0,0.953488,0.555556,0.2,0.033333,0.01682,0.011628,0.030305,0
0.154472,0.285714,0,0.374269,0.284507,0.01806,0.012903,1,0.110169,0.425,0.421098,0.8,0.222222,0.756757,0.239234,0.2,0.1,0.173346,0.104651,0.138755,0
0.577236,0,0.068966,0.140351,0.425352,0.157384,0.051613,0.25,0.40678,0.439203,0.782984,0.604651,0.333333,0,0.133333,0,0,0.084313,0.139535,0.0685,1
0.03252,0.142857,0,0.105263,0.019718,0,0.006452,0.265625,0.033898,0.083333,0.026732,1,0,0.8,0.4,0,0,0.049885,0.139535,0.181818,0
0.03252,0.428571,0,0.02924,0.016901,0.000607,0.006452,0.0625,0.033898,0.333333,0.007473,1,0,0.964286,0.45,0,0,0.012041,0.011628,0.034091,0
0.00813,0.285714,0,0.070175,0.005634,0,0.077419,0,0.008475,1,0.001437,0,0,1,1,0,0,0.009174,0,0,0
0.04065,0.142857,0.344828,0.157895,0.047887,0.001518,0.103226,0.171875,0.033898,1,0.016097,0,0,0.931034,0.44,0.2,0.133333,0.023394,0.011628,0.036364,0
0.04878,0.285714,0,0.204678,0.157746,0,0.012903,0.515625,0.042373,0.225,0.119575,1,0.111111,0.918033,0.305556,0.4,0.266667,0.155199,0.325581,0.272727,0
0.056911,0.142857,0,0.005848,0.03662,0,0.006452,0,0.059322,0,0.018684,1,0,0.684211,0.342857,0.2,0.066667,0.018676,0.011628,0.038959,0
0.03252,0.571429,0,0.099415,0.211268,0.000911,0.006452,0.265625,0.025424,1,0.134521,0,0,0.986111,0.5,0.8,0.2,0.266055,0.034884,0.056818,1
0.154472,0,0,0.035088,0.11831,0.008651,0.012903,0.0625,0.161017,0.333333,0.044266,0,0.055556,0,0.278195,0,0,0.016055,0.011628,0.043064,0
0.138211,0.142857,0.137931,0.046784,0.101408,0.004553,0.032258,0.046875,0.050847,0.456473,0.145157,1,0,0.704545,0.25,0,0,0.062062,0.034884,0.05615,1
0.260163,0,0.206897,0.619883,0.160563,0.070724,0.632258,0.171875,0.262712,0.403226,0.079333,1,0.055556,0,0.163462,0,0,0.017417,0.034884,0.058241,0
0.03252,0.714286,0,0.05848,0.04507,0.000911,0,0.15625,0.025424,1,0.032481,0,0,0.955224,0.5,0.4,0.266667,0.0625,0.011628,0.034091,0
0.056911,0.428571,0,0.146199,0.138028,0.003187,0.025806,0.34375,0.042373,1,0.129922,0,0,0.923077,0.339286,0.4,0.233333,0.145806,0.162791,0.233768,0
0.01626,0.428571,0,0.017544,0.008451,0.000152,0.006452,0.03125,0.016949,1,0.003737,0,0,0.987805,0.6,0,0,0.012615,0.011628,0.022727,0
0.276423,0,0,0.087719,0.095775,0.085142,0.019355,0.203125,0.288136,1,0.009773,0,0,0,0.119485,0,0,0,0.011628,0.045455,0
0.04065,0,0,0.046784,0.047887,0,0.03871,0.03125,0.033898,0.21875,0.033055,1,0.111111,0,0.45,0,0,0.048624,0.046512,0.072727,1
0.089431,0.142857,0,0.02924,0.073239,0,0.025806,0.03125,0.09322,0.275,0.036505,0.5,0.055556,0.583333,0.409091,0.2,0.1,0.02377,0.034884,0.061982,0
0.02439,0.142857,0.068966,0.017544,0.019718,0,0.012903,0.015625,0.016949,0.25,0.009198,1,0,0.75,0.666667,0,0,0.020642,0.011628,0.030305,0
0.02439,0,0,0.035088,0.064789,0.000455,0.012903,0.0625,0.025424,1,0.040529,0,0,0,0.333333,0,0,0.105505,0.011628,0.030305,1
0.04878,0.857143,0.068966,0.076023,0.04507,0,0.025806,0.15625,0.033898,0.1,0.027019,1,0,0.970803,0.4,0.8,0.333333,0.033257,0.034884,0.053032,0
0.065041,0.571429,0,0.02924,0.028169,0.00425,0.012903,0.046875,0.067797,1,0.008911,0,0,0.951049,0.416667,0.6,0.633333,0.006594,0.023256,0.045455,0
0.02439,0.285714,0,0.005848,0.011268,0.000455,0,0.015625,0.025424,1,0.002874,0,0,0.989899,1,0.4,0.133333,0.005352,0.011628,0.030305,0
0.00813,0,0,0.152047,0.002817,0,0.154839,0.03125,0.008475,1,0.000287,0,0,0,1,0,0,0,0.011628,0.045455,0
0.03252,1,0,0.05848,0.042254,0.000304,0.012903,0.125,0.025424,0.166667,0.027882,1,0.055556,0.978571,0.4375,0.4,0.066667,0.052179,0.046512,0.068182,0
0.02439,0.285714,0,0.035088,0.019718,0.000455,0.006452,0.078125,0.025424,1,0.005461,0,0,0.952381,0.555556,0.2,0.033333,0.012232,0.011628,0.030305,0
0.073171,0,0,0.064327,0.053521,0,0.045161,0.0625,0.076271,0.25,0.029031,1,0.055556,0,0.555556,0,0,0.022936,0.023256,0.045455,0
0.01626,0.428571,0,0.02924,0.019718,0.000152,0,0.078125,0.016949,1,0.004312,0,0,0.979592,0.75,0.2,0.2,0.014908,0.011628,0.022727,0
0.02439,0,0,0.035088,0.016901,0.000455,0,0.09375,0.025424,1,0.011785,0,0,0,0.444444,0,0,0.029052,0.069767,0.106059,0
0.178862,0,0,0.157895,0.11831,0,0.129032,0.140625,0.177966,0.34127,0.136821,0.333333,0.111111,0,0.365079,0,0,0.046706,0.034884,0.045455,0
0.097561,0.857143,0,0.093567,0.098592,0.000911,0.019355,0.21875,0.067797,0.204545,0.066111,1,0.055556,0.93007,0.291667,0.8,0.433333,0.041284,0.05814,0.075759,1
0.235772,0,0,0.05848,0.205634,0.017302,0.012903,0.125,0.245763,0.423214,0.113251,1,0.222222,0,0.237069,0,0,0.028077,0.011628,0.043886,0
0.00813,0,0,0,0.002817,0,0,0,0.008475,1,0.000287,0,0,0,1,0,0,0,0.011628,0.045455,0
0.02439,0.571429,0,0.040936,0.028169,0.000455,0.006452,0.09375,0.016949,1,0.011498,0,0,0.990698,0.583333,0.4,0.133333,0.028287,0.011628,0.030305,0
0.03252,0.142857,0.034483,0.005848,0.025352,0.000304,0.006452,0,0.025424,0.333333,0.026157,1,0,0.942857,0.666667,0.4,0.1,0.048739,0.034884,0.045455,1
0.02439,0.428571,0,0.005848,0.011268,0.000152,0,0.015625,0.016949,0.25,0.172176,0,0,0.97619,1,0,0,0.454893,0.011628,0.01515,0
0.01626,0.571429,0,0.011696,0.008451,0.000152,0,0.03125,0.016949,1,0.001725,0,0,0.995833,0.75,0.2,0.033333,0.004587,0.011628,0.022727,0
0.03252,0.428571,0,0.116959,0.056338,0,0.006452,0.3125,0.033898,0.166667,0.042828,1,0,0.979592,0.45,0.4,0.133333,0.082569,0.116279,0.125,0
0.02439,0.428571,0,0.046784,0.025352,0.000152,0.006452,0.109375,0.025424,0.25,0.007473,0,0.055556,0.990868,0.555556,0,0,0.01682,0.011628,0.030305,0
0.073171,0.142857,0.034483,0.122807,0.028169,0.005464,0.129032,0.09375,0.008475,1,0.008048,0,0,0.6,0.314815,0,0,0.004842,0.011628,0.040405,0
0.02439,0.428571,0,0.152047,0.092958,0,0,0.40625,0.025424,0.083333,0.075884,1,0.166667,0.979592,0.444444,0.8,0.5,0.197248,0.034884,0.060605,0
0.00813,0,0,0.02924,0.002817,0,0.032258,0,0,1,0.039092,0,0,0,0,0,0,0.272936,0,0,0
0.01626,0.428571,0,0.076023,0.03662,0.000152,0,0.203125,0.016949,1,0.01236,0,0,0.989691,0.6,0.4,0.133333,0.047018,0.023256,0.045455,1
0.02439,0,0,0.040936,0.042254,0.000455,0.025806,0.046875,0.025424,0.5,0.052601,0,0.166667,0,0.388889,0,0,0.134557,0.05814,0.151514,0
0.02439,0.428571,0,0.05848,0.095775,0.000455,0.006452,0.140625,0.008475,1,0.048577,0,0,0.990566,0.666667,0.2,0.033333,0.126911,0.011628,0.030305,0
0.081301,0.428571,0,0.046784,0.064789,0.003794,0.006452,0.109375,0.084746,0.277778,0.02472,0,0.055556,0.905263,0.28,0.6,0.733333,0.017202,0.023256,0.045455,1
0.02439,0.857143,0,0.116959,0.073239,0,0.006452,0.296875,0.016949,0,0.049152,0.75,0.166667,0.985185,0.444444,0.6,0.133333,0.125382,0.069767,0.136364,0
0.01626,0.428571,0.034483,0.052632,0.039437,0.000152,0.012903,0.109375,0.008475,1,0.014372,0,0,0.995261,0.625,0.4,0.066667,0.055046,0.011628,0.022727,0
0.02439,0.285714,0,0.040936,0.019718,0.000455,0.012903,0.078125,0.025424,1,0.007186,0,0,0.953488,0.555556,0.2,0.033333,0.01682,0.011628,0.030305,0
0.03252,0.142857,0,0.035088,0.070423,0,0.006452,0.078125,0.016949,0.222222,0.043691,0,0.111111,0.727273,0.5625,0.2,0.133333,0.083142,0.011628,0.034091,0
0.03252,0.285714,0,0.076023,0.039437,0,0,0.203125,0.033898,0.166667,0.012647,1,0,0.959459,0.4,0.4,0.233333,0.022362,0.011628,0.034091,0
0.04878,0.571429,0,0.093567,0.076056,0.002277,0.006452,0.234375,0.033898,1,0.055476,0,0,0.977064,0.533333,0.4,0.133333,0.071483,0.069767,0.075759,1
0.04878,0.285714,0,0.052632,0.073239,0.002277,0,0.140625,0.050847,1,0.04599,0,0,0.975124,0.444444,0.4,0.166667,0.058869,0.046512,0.060605,0
0.02439,0,0,0.023392,0.025352,0.000152,0.025806,0,0.016949,0.728448,0.167577,0.896552,0,0,0.5,0,0,0.399083,0.034884,0.045455,0
0.01626,0.428571,0,0.046784,0.039437,0.000152,0,0.125,0.016949,1,0.020696,0,0,0.979592,0.75,0.4,0.233333,0.080275,0.011628,0.022727,0
0.04065,0.285714,0,0.116959,0.084507,0,0,0.3125,0.033898,0.375,0.041391,1,0.055556,0.933333,0.333333,0.4,0.2,0.062844,0.034884,0.054545,0
0.097561,0,0,0.087719,0.174648,0.010017,0.012903,0.203125,0.076271,0.454545,0.137108,0,0,0,0.25,0,0,0.088494,0.05814,0.090909,1
0.276423,0.142857,0,0.116959,0.405634,0.051146,0.025806,0.265625,0.161017,0.44733,0.489796,1,0.333333,0.288889,0.131488,0,0,0.111239,0.209302,0.122995,0
0.089431,0.285714,0,0.017544,0.04507,0.008347,0.006452,0.03125,0.09322,1,0.012647,0,0,0.830189,0.348485,0,0,0.006881,0.011628,0.037191,0
0.252033,0.285714,0.068966,0.134503,0.216901,0.036576,0.070968,0.21875,0.220339,0.366667,0.314746,0.4,0.111111,0.641975,0.180108,0.4,0.3,0.078352,0.197674,0.139295,0
0,0,0,0.011696,0,0,0.012903,0,0,1,0,0,0,0,0,0,0,0,0,0,0
0.065041,0.428571,0.310345,0.105263,0.059155,0.00425,0.058065,0.140625,0.033898,1,0.031618,0,0,0.872727,0.5,0.4,0.166667,0.029243,0.023256,0.051136,0
0.121951,0.285714,0,0.040936,0.073239,0.008044,0.012903,0.078125,0.127119,0.392857,0.04714,1,0.277778,0.933333,0.293333,0.4,0.166667,0.022018,0.023256,0.045455,0
0.113821,0.285714,0,0.05848,0.115493,0.004098,0.006452,0.140625,0.118644,0.333333,0.083357,1,0.111111,0.937799,0.25,0.6,0.133333,0.044725,0.023256,0.0487,0
0.02439,0.428571,0,0.040936,0.053521,0.000455,0.006452,0.09375,0.016949,1,0.015522,0,0,0.990566,0.666667,0.4,0.1,0.038991,0.011628,0.030305,0
0.03252,0.428571,0.034483,0.052632,0.022535,0.000607,0.045161,0.0625,0.033898,0.333333,0.008623,1,0,0.990868,0.45,0,0,0.014335,0.011628,0.022727,0
0.04065,0,0,0.02924,0.092958,0,0.019355,0.0625,0.042373,0.325,0.09428,1,0.111111,0,0.466667,0,0,0.145872,0.034884,0.072727,0
0.073171,0.142857,0,0.023392,0.061972,0,0,0.0625,0.076271,0.25,0.019258,0,0.111111,0.714286,0.407407,0.2,0.033333,0.014271,0.011628,0.040405,0
0.065041,0.428571,0,0.105263,0.076056,0,0.006452,0.265625,0.067797,0.071429,0.038804,1,0.111111,0.925532,0.270833,0.4,0.1,0.035837,0.023256,0.045455,0
0.02439,0.285714,0,0.02924,0.039437,0.000152,0,0.078125,0.016949,0.25,0.010635,1,0.055556,0.965517,0.555556,0.2,0.133333,0.025229,0.011628,0.030305,0
0.300813,0,0,0.239766,0.104225,0.101078,0.264516,0,0.313559,1,0.010635,0,0,0,0.191892,0.2,0.033333,0,0.011628,0.045455,0
0.00813,0,0,0.017544,0.002817,0,0.019355,0,0.008475,1,0.000287,0,0,0,1,0,0,0,0.011628,0.045455,0
0.03252,0.285714,0,0.064327,0.033803,0.000911,0.006452,0.15625,0.025424,1,0.01236,0,0,0.949153,0.4,0.2,0.133333,0.022362,0.011628,0.034091,0
0.01626,0.571429,0,0.02924,0.030986,0.000152,0,0.078125,0.016949,1,0.018684,0,0,0.982143,0.75,0.6,0.266667,0.072248,0.011628,0.022727,0
0.04065,0,0,0.040936,0.039437,0,0.019355,0.0625,0.033898,0.605769,0.112389,0.051282,0.055556,0,0.375,0,0,0.159174,0.023256,0.036364,0
0.04065,0.285714,0.413793,0.076023,0.04507,0.001214,0.083871,0,0.025424,0.611842,0.121874,0,0,0.926829,0.416667,0,0,0.183486,0.034884,0.045455,0
0.04878,0.285714,0,0.146199,0.109859,0,0.006452,0.375,0.042373,0.2,0.057775,1,0.111111,0.918033,0.361111,0.2,0.2,0.073777,0.034884,0.075759,0
0.02439,0,0,0.064327,0.129577,0.000455,0,0.171875,0.025424,1,0.075022,0,0,0,0.466667,0,0,0.197248,0.011628,0.030305,0
0.04878,0.428571,0,0.210526,0.135211,0.002277,0.064516,0.46875,0.042373,1,0.081058,0,0,0.938272,0.4,0.4,0.4,0.105505,0.093023,0.166668,0
0.268293,0.428571,0.068966,0.245614,0.208451,0.078312,0.154839,0.296875,0.262712,0.484375,0.172463,0,0.333333,0.801471,0.173611,0.6,0.966667,0.038991,0.023256,0.052341,1
0.02439,0,0.206897,0.046784,0.011268,0.000455,0.045161,0.015625,0,1,0.001725,0,0,0,0.555556,0,0,0.002294,0.011628,0.030305,0
0.341463,0.285714,0,0.169591,0.380282,0.093641,0.025806,0.4375,0.228814,0.430155,0.686117,1,0.5,0.830508,0.136298,0.4,0.2,0.127457,0.302326,0.095236,0
0.00813,0,0,0,0.005634,0,0,0,0.008475,1,0.019546,0.015625,0,0,1,0,0,0.006881,0,0,0
0.04878,0.285714,0,0.169591,0.16338,0,0.012903,0.4375,0.042373,0.325,0.103765,1,0.166667,0.918033,0.305556,0.2,0.166667,0.134174,0.151163,0.151514,0
0.04065,0.142857,0,0.011696,0.042254,0.001518,0.006452,0.015625,0.042373,1,0.087669,0,0,0.5,0.35,0.4,0.166667,0.137615,0.093023,0.1,0
0.065041,0.285714,0,0.081871,0.076056,0,0,0.21875,0.059322,0.142857,0.03363,1,0.055556,0.965517,0.270833,0.4,0.166667,0.030963,0.023256,0.045455,0
0.341463,0,0,0.05848,0.239437,0,0.025806,0.09375,0.355932,0.391986,0.125611,1,0.111111,0,0.23545,0,0,0.021188,0.069767,0.054114,0
0.00813,0,0,0.005848,0.005634,0,0.006452,0,0.008475,1,0.004599,0,0.055556,0,1,0,0,0.027523,0,0,0
0.02439,0.285714,0,0.035088,0.019718,0.000455,0.006452,0.078125,0.025424,1,0.006899,0,0,0.952381,0.555556,0.2,0.033333,0.016055,0.011628,0.030305,0
0.02439,0.428571,0,0.128655,0.061972,0.000455,0,0.34375,0.025424,1,0.037654,0,0,0.979592,0.444444,0.6,0.466667,0.097859,0.05814,0.090909,0
0.056911,0,0,0.064327,0.126761,0.000152,0,0.171875,0.033898,0.375,0.143432,0.5,0,0,0.571429,0,0,0.159895,0.081395,0.077923,0
0.113821,0.285714,0,0.192982,0.222535,0.013507,0.006452,0.5,0.059322,0.515385,0.231388,0.3,0,0.821918,0.207143,0.4,0.166667,0.127949,0.127907,0.162336,0
0.00813,0,0,0.005848,0.002817,0,0.006452,0,0.008475,1,0.000287,0,0,0,1,0,0,0,0.011628,0.045455,0
0.056911,0,0,0.105263,0.132394,0.001366,0.006452,0.265625,0.059322,0.361111,0.170451,0,0,0,0.333333,0,0,0.190039,0.116279,0.110391,1
0.154472,0.285714,0.068966,0.187135,0.171831,0.015025,0.096774,0.3125,0.152542,0.453704,0.096292,1,0.166667,0.769231,0.190789,0.2,0.133333,0.036697,0.081395,0.078945,0
0.00813,0,0,0.035088,0.002817,0,0.03871,0.015625,0.008475,1,0.000287,0,0,0,1,0,0,0,0.011628,0.045455,0
0.146341,0,0,0,0.056338,0.000455,0,0,0.084746,0.164706,0.239437,1,0,0,0.685185,0,0,0.103211,0.093023,0.141414,0
0.01626,0.285714,0,0.023392,0.011268,0.000152,0.006452,0.046875,0.016949,1,0.003737,0,0,0.97619,0.75,0.2,0.033333,0.012615,0.011628,0.022727,0
0.04878,0.285714,0,0.157895,0.087324,0,0.012903,0.390625,0.050847,0.166667,0.061224,1,0.111111,0.934211,0.305556,0.4,0.233333,0.077982,0.046512,0.060605,0
0.097561,0.428571,0.103448,0.093567,0.047887,0.007892,0.045161,0.140625,0.101695,0.420455,0.027594,1,0.055556,0.887755,0.236111,0.4,0.1,0.015291,0.069767,0.064395,0
0.065041,0.142857,0,0.052632,0.109859,0.001518,0.006452,0.140625,0.059322,0.357143,0.051739,1,0.055556,0.915663,0.267857,0.2,0.033333,0.048165,0.093023,0.079545,0
0.178862,0.285714,0.068966,0.169591,0.129577,0.028684,0.154839,0.171875,0.186441,0.471429,0.051452,0.8,0.222222,0.903226,0.181818,0.4,0.466667,0.015325,0.011628,0.043386,0
0.081301,0.285714,0,0.210526,0.197183,0.001062,0.006452,0.546875,0.059322,0.322222,0.189135,1,0.111111,0.861538,0.3,0.2,0.3,0.147477,0.151163,0.181818,0
0.04065,0,0,0.035088,0.014085,0.001518,0.03871,0,0.042373,1,0.001437,0,0,0,0.333333,0,0,0,0.011628,0.045455,0
0.178862,0.142857,0,0.251462,0.16338,0.030505,0.058065,0.5625,0.177966,0.261905,0.205519,1,0,0.622642,0.199301,0.4,0.133333,0.072143,0.081395,0.07025,1
0.073171,0.571429,0.068966,0.163743,0.073239,0.003339,0.019355,0.40625,0.076271,0.375,0.045415,1,0.055556,0.925234,0.259259,0.6,0.133333,0.037207,0.023256,0.045455,0
0.02439,0.428571,0,0.005848,0.011268,0.000152,0,0.015625,0.016949,0.25,0.176487,0,0,0.97619,1,0,0,0.466361,0.011628,0.01515,0
0.073171,0.571429,0,0.064327,0.109859,0.005464,0.006452,0.15625,0.050847,1,0.056051,0,0,0.963801,0.314815,0.8,0.233333,0.047401,0.186047,0.136364,1
0.089431,0,0,0.046784,0.042254,0,0.051613,0,0.09322,0.2125,0.067261,1,0,0,0.515152,0,0,0.045663,0.046512,0.078514,0
0.065041,0.142857,0,0.023392,0.039437,0,0.006452,0.046875,0.067797,0.314286,0.060937,1,0.055556,0.588235,0.416667,0.2,0.166667,0.057053,0.139535,0.107955,0
0.00813,0,0,0.005848,0.005634,0,0.006452,0,0.008475,1,0.004599,0,0,0,1,0,0,0.027523,0,0,0
0.081301,0.285714,0,0.192982,0.152113,0,0,0.515625,0.084746,0.092593,0.172463,1,0.111111,0.8875,0.257143,0.4,0.3,0.134633,0.081395,0.113636,0
0.300813,0,0,0.157895,0.104225,0.101078,0.154839,0.0625,0.313559,0.513889,0.014659,0,0,0,0.27027,0,0,0,0.011628,0.045455,0
0.00813,0,0,0.035088,0.002817,0,0.025806,0.03125,0.008475,1,0.000287,0,0,0,1,0,0,0,0.011628,0.045455,0
0.300813,0.285714,0.034483,0.105263,0.191549,0.033085,0.064516,0.125,0.288136,0.3125,0.199195,1,0.111111,0.682692,0.171171,0.4,0.3,0.040417,0.139535,0.101964,1
0.292683,0,0,0.017544,0.194366,0.064957,0.012903,0.015625,0.237288,0.41746,0.277953,1,0.166667,0,0.215873,0,0,0.057594,0.023256,0.040405,0
0.260163,0.428571,0.068966,0.099415,0.23662,0.053726,0.03871,0.1875,0.237288,0.44086,0.188847,1,0.111111,0.866953,0.180556,0.6,0.633333,0.044151,0.116279,0.083809,0
0.065041,0.142857,0,0.099415,0.08169,0,0.109677,0,0.067797,0.142857,0.034205,0,0,0.666667,0.34375,0,0,0.031537,0.023256,0.045455,0
0.073171,0.428571,0,0.122807,0.115493,0.003642,0,0.328125,0.042373,0.265625,0.089394,1,0.055556,0.923077,0.253968,0.6,0.433333,0.075943,0.069767,0.111109,0
0.04878,0.285714,0,0.011696,0.019718,0.000455,0.006452,0.015625,0.050847,0.3,0.009485,1,0,0.975124,0.666667,0.2,0.066667,0.009557,0.011628,0.037877,0
0.138211,0.571429,0.034483,0.111111,0.115493,0,0.051613,0.203125,0.135593,0.21875,0.08077,1,0.111111,0.892857,0.165775,0.4,0.3,0.035348,0.081395,0.085564,0
0.178862,0.285714,0,0.163743,0.202817,0.018364,0.064516,0.34375,0.177966,0.42619,0.139408,1,0.222222,0.740741,0.140496,0.4,0.233333,0.047227,0.093023,0.092977,0
0.00813,0,0.034483,0.046784,0.005634,0,0.025806,0.0625,0.008475,1,0.008048,0,0.222222,0,1,0,0,0.048165,0,0,0
0.03252,0.285714,0,0.035088,0.014085,0,0.03871,0,0.016949,0.547619,0.015522,0,0,0.944444,0.666667,0,0,0.024656,0.011628,0.011364,0
0.00813,0,0,0.035088,0.002817,0,0.03871,0,0.008475,1,0.000287,0,0,0,1,0,0,0,0.011628,0.045455,0
0.04065,0.714286,0,0.02924,0.03662,0,0.006452,0.078125,0.025424,0.125,0.03708,1,0,0.979021,0.366667,0.2,0.033333,0.056422,0.197674,0.181818,0
0.081301,0.285714,0,0.035088,0.033803,0.005615,0.03871,0.03125,0.084746,0.444444,0.014947,1,0,0.956098,0.4,0.2,0.033333,0.008716,0.011628,0.040909,0
0.146341,0,0,0.298246,0.092958,0.000455,0.329032,0.03125,0.127119,0.507673,0.139408,0.086957,0,0,0.411765,0,0,0.047783,0.034884,0.032827,0
0.056911,0.142857,0,0.017544,0.098592,0.000152,0.006452,0.03125,0.050847,0.25,0.0572,1,0.055556,0.85,0.265306,0.2,0.2,0.062254,0.069767,0.077923,0
0.065041,0,0,0.040936,0.152113,0.000911,0.006452,0.109375,0.025424,0.330357,0.114688,1,0,0,0.339286,0,0,0.109805,0.081395,0.107955,0
0.081301,0,0,0.152047,0.028169,0.00683,0.167742,0,0.084746,0.555556,0.003162,0,0,0,0.55,0,0,0,0.011628,0.045455,0
0.04065,0,0,0.005848,0.016901,0,0.006452,0,0.042373,0.25,0.008623,1,0,0,0.8,0,0,0.01055,0.011628,0.036364,0
0.04065,0.285714,0,0.105263,0.078873,0,0.006452,0.265625,0.033898,0.125,0.03708,1,0.055556,0.933333,0.333333,0.2,0.166667,0.055963,0.05814,0.081818,0
0.00813,0.428571,0,0.011696,0.005634,0,0.012903,0,0,1,0.001437,0,0,1,1,0,0,0.009174,0,0,0
0.02439,0.428571,0,0.005848,0.011268,0.000152,0,0.015625,0.016949,0.25,0.122449,0,0,0.97619,1,0,0,0.32263,0.011628,0.01515,0
0.04878,0.142857,0,0.017544,0.073239,0.000455,0.006452,0.03125,0.050847,0.366667,0.132797,0,0,0.772727,0.458333,0.2,0.033333,0.172018,0.023256,0.045455,0
0.073171,0.285714,0,0.339181,0.129577,0,0.212903,0.390625,0.067797,0.291667,0.146019,1,0.111111,0.910256,0.3125,0.4,0.233333,0.126402,0.05814,0.060605,0
0.02439,0.428571,0,0.005848,0.011268,0.000152,0,0.015625,0.016949,0.25,0.176487,0,0,0.97619,1,0,0,0.466361,0.011628,0.01515,0
0.089431,0.285714,0,0.099415,0.115493,0.002277,0.019355,0.234375,0.084746,0.35,0.065536,1,0.055556,0.951456,0.233766,0.4,0.166667,0.044621,0.046512,0.05785,0
0.01626,0,0,0.011696,0.008451,0,0.012903,0,0.016949,0,0.008336,0,0,0,0.875,0,0,0.027523,0,0,0
0.056911,0,0,0.169591,0.047887,0,0.167742,0.046875,0.059322,0,0.044553,1,0,0,0.464286,0,0,0.048165,0.046512,0.084414,0
0.00813,0,0,0,0.005634,0,0,0,0.008475,1,0.101466,0,0,0,1,0,0,0.006881,0,0,1
0.04065,0.285714,0,0.02924,0.033803,0.001518,0.012903,0.046875,0.042373,1,0.01121,0,0,0.98,0.7,0.4,0.133333,0.015596,0.011628,0.036364,0
0.02439,0.142857,0,0.017544,0.014085,0.000455,0.006452,0.03125,0,1,0.006899,0,0,0.5,0.555556,0,0,0.016055,0.023256,0.060605,0
0.00813,0.285714,0,0.005848,0.005634,0,0,0.015625,0.008475,1,0.00115,0,0,1,1,0,0,0.006881,0,0,0
0.04065,0.142857,0,0.02924,0.033803,0,0.019355,0.03125,0.042373,0,0.02357,0,0.055556,0.966667,0.4,0,0,0.034862,0.011628,0.009091,0
0.065041,0.285714,0,0.005848,0.059155,0.00425,0.006452,0,0.059322,0.571429,0.123599,0,0,0.857143,0.225,0,0,0.039851,0.023256,0.039773,1
0.056911,0.142857,0,0.064327,0.067606,0.000759,0.006452,0.171875,0.050847,0.291667,0.037654,1,0.111111,0.9,0.238095,0.2,0.166667,0.039974,0.069767,0.084414,0
0.03252,0,0,0.035088,0.011268,0.000911,0.03871,0.015625,0.033898,1,0.00115,0,0,0,0.625,0,0,0,0.011628,0.045455,0
0.04878,0.285714,0,0.017544,0.030986,0.001366,0.012903,0.015625,0.050847,0.3,0.014085,1,0,0.975124,0.444444,0.4,0.166667,0.016055,0.034884,0.053032,0
0.02439,0.428571,0,0.046784,0.030986,0,0,0.125,0.025424,0,0.014659,1,0.055556,0.979592,0.444444,0.6,0.433333,0.035933,0.023256,0.045455,0
0.01626,0.571429,0,0.023392,0.011268,0.000152,0.019355,0.015625,0.016949,1,0.003162,0,0,1,0.833333,0,0,0.010321,0,0,0
0.349593,0.142857,0,0.070175,0.391549,0.087267,0.006452,0.171875,0.347458,0.431973,0.312159,0.785714,0.111111,0.236364,0.153101,0,0,0.054886,0.023256,0.047568,0
0.02439,0.285714,0,0.040936,0.019718,0.000455,0.012903,0.078125,0.025424,1,0.007186,0,0,0.953488,0.555556,0.2,0.033333,0.01682,0.011628,0.030305,0
0.081301,0.571429,0,0.052632,0.04507,0.004098,0.006452,0.125,0.076271,0.422222,0.022708,1,0,0.945205,0.263889,0.4,0.166667,0.014679,0.023256,0.040909,0
0.170732,0,0.034483,0.070175,0.08169,0.011534,0.070968,0.015625,0.169492,0.429167,0.117563,0.166667,0,0,0.404762,0,0,0.041721,0.093023,0.075759,1
0.146341,0,0,0.25731,0.107042,0.022917,0.277419,0.015625,0.144068,0.470588,0.074159,0,0,0,0.235294,0,0,0.030454,0.05814,0.070709,1
0.056911,0.285714,0,0.122807,0.078873,0,0,0.328125,0.059322,0,0.041104,1,0.055556,0.934211,0.285714,0.4,0.233333,0.044233,0.023256,0.05195,0
0.02439,0.285714,0,0.05848,0.033803,0.000455,0.006452,0.140625,0.025424,1,0.014372,0,0,0.95,0.5,0.2,0.2,0.035933,0.011628,0.030305,0
0.073171,0.285714,0,0.116959,0.126761,0.000911,0,0.3125,0.067797,0.1875,0.062374,0,0.055556,0.960784,0.238095,0.4,0.166667,0.052752,0.023256,0.045455,0
0.03252,0.285714,0,0.122807,0.084507,0,0.032258,0.265625,0.033898,0.416667,0.036505,1,0,0.949153,0.416667,0.2,0.1,0.069381,0.046512,0.090909,0
0.073171,0.428571,0.241379,0.116959,0.064789,0.000911,0.077419,0.140625,0.067797,0.1875,0.035355,0,0.055556,0.857143,0.355556,0.6,0.3,0.028797,0.069767,0.080809,0
0.081301,0.285714,0.034483,0.152047,0.047887,0.000152,0.154839,0.046875,0.076271,0.351852,0.028456,0,0.111111,0.910256,0.333333,0.4,0.733333,0.019725,0.034884,0.059091,1
0.130081,0.571429,0,0.134503,0.146479,0.006981,0.025806,0.34375,0.110169,0.3,0.161253,1,0.111111,0.899281,0.2,0.4,0.433333,0.077838,0.104651,0.110795,1
0.089431,0,0,0.087719,0.126761,0,0.006452,0.234375,0.076271,0.316667,0.103478,1,0.111111,0,0.222222,0,0,0.071518,0.127907,0.111568,0
0.081301,0,0,0.087719,0.067606,0,0.083871,0.046875,0.076271,0.48538,0.070997,0.210526,0.166667,0,0.475,0,0,0.05,0.046512,0.068182,1
0.01626,0.428571,0,0.035088,0.025352,0.000152,0.006452,0.078125,0.008475,1,0.007761,0,0,0.995261,0.625,0.4,0.066667,0.02867,0.011628,0.022727,0
0.089431,0.142857,0,0.02924,0.073239,0,0,0.078125,0.067797,0.333333,0.077896,1,0.166667,0.5,0.309091,0.2,0.166667,0.052961,0.046512,0.074382,0
0.02439,0.428571,0,0.005848,0.014085,0.000152,0,0.015625,0.016949,0.25,0.022708,1,0,0.975,0.75,0.4,0.1,0.057339,0.034884,0.045455,0
0.02439,0.428571,0,0.005848,0.011268,0.000152,0,0.015625,0.016949,0.25,0.165277,0,0,0.97619,1,0,0,0.436544,0.011628,0.01515,0
0.01626,0.571429,0,0.017544,0.008451,0.000152,0.019355,0,0.016949,1,0.003449,0,0,1,0.833333,0,0,0.011468,0,0,0
0.065041,0.142857,0,0.011696,0.039437,0,0,0.03125,0.067797,0.333333,0.043691,1,0.055556,0.588235,0.416667,0.2,0.166667,0.039564,0.05814,0.068182,0
0.105691,0.428571,0.034483,0.035088,0.070423,0.001214,0.025806,0.03125,0.101695,0.270833,0.073872,0.5,0,0.771429,0.269231,0.4,0.133333,0.042696,0.05814,0.083918,0
0.081301,0,0,0.02924,0.092958,0,0.006452,0.0625,0.067797,0.236111,0.052314,1,0.111111,0,0.4,0,0,0.038532,0.023256,0.040909,0
0.04878,0.285714,0,0.040936,0.064789,0.001366,0.006452,0.109375,0.050847,0.416667,0.038517,1,0.055556,0.934211,0.361111,0.4,0.4,0.046636,0.011628,0.037877,0
0.04065,0.142857,0,0.011696,0.050704,0.001518,0.012903,0,0.042373,1,0.030756,0,0,0.888889,0.6,0.2,0.066667,0.046789,0.046512,0.081818,0
0.03252,0,0,0.011696,0.022535,0,0.006452,0.015625,0,0.634615,0.022995,0,0.055556,0,0.833333,0,0,0.02867,0.034884,0.079545,0
0.02439,0,0,0.02924,0.022535,0,0.006452,0.0625,0,0.416667,0.024145,0,0.111111,0,0.466667,0,0,0.057339,0.046512,0.090909,0
0.02439,0.428571,0,0.093567,0.033803,0.000455,0.006452,0.234375,0.025424,1,0.016097,0,0,0.979592,0.6,0.4,0.2,0.04052,0.011628,0.030305,0
0.056911,0.285714,0.137931,0.052632,0.04507,0,0.025806,0.09375,0.050847,0.083333,0.034205,1,0.055556,0.970297,0.428571,0,0,0.03637,0.023256,0.045455,0
0.073171,0.571429,0.137931,0.081871,0.064789,0.000911,0.03871,0.140625,0.067797,0.1875,0.035642,0,0.055556,0.875,0.355556,0.8,0.5,0.029052,0.069767,0.080809,0
0.02439,0,0,0.076023,0.053521,0.000455,0.006452,0.203125,0.025424,1,0.0595,0,0,0,0.444444,0,0,0.155963,0.127907,0.242423,0
0.178862,0,0,0.111111,0.208451,0.018364,0.019355,0.28125,0.076271,0.340136,0.271055,0.857143,0.222222,0,0.180952,0,0,0.095288,0.22093,0.138432,0
0.04878,0.571429,0,0.011696,0.030986,0.002277,0.006452,0.015625,0.050847,1,0.009773,0,0,1,0.625,0,0,0.010703,0,0,0
0.04065,0.285714,0,0.046784,0.033803,0.001214,0.006452,0.109375,0.042373,0.25,0.016959,1,0,0.904762,0.4,0.2,0.2,0.024312,0.023256,0.045455,0
0.02439,0.857143,0,0.064327,0.039437,0,0.006452,0.15625,0.025424,0,0.034205,1,0,0.985185,0.555556,0.6,0.1,0.08792,0.05814,0.106059,0
0.056911,0,0.034483,0.02924,0.028169,0.001973,0.019355,0.03125,0.016949,0.430556,0.028456,0.75,0.111111,0,0.571429,0,0,0.026212,0.011628,0.038959,0
0.162602,0.142857,0,0.076023,0.138028,0,0.012903,0.171875,0.152542,0.223684,0.053464,0,0.111111,0.540541,0.258333,0.2,0.033333,0.018807,0.023256,0.040909,0
0.02439,0.571429,0,0.035088,0.030986,0.000455,0,0.09375,0.025424,1,0.012935,0,0,0.964912,0.666667,0.4,0.233333,0.03211,0.011628,0.030305,0
0.203252,0.285714,0,0.040936,0.160563,0.03521,0.012903,0.078125,0.152542,0.450521,0.231963,1,0.055556,0.676923,0.217593,0.4,0.2,0.071009,0.209302,0.101818,1
0.089431,0.142857,0,0.011696,0.056338,0,0,0.03125,0.09322,0.283333,0.034493,1,0.055556,0.5,0.340909,0.2,0.166667,0.022102,0.05814,0.061982,0
0.089431,0.428571,0.034483,0.099415,0.121127,0.005919,0.070968,0.15625,0.076271,0.4,0.095717,1,0,0.964286,0.309091,0.2,0.066667,0.066305,0.046512,0.07025,0
0.089431,0,0,0.035088,0.121127,0.003491,0.025806,0.03125,0.067797,0.4625,0.120437,0.375,0.055556,0,0.3,0,0,0.083403,0.116279,0.144627,1
0.02439,0.285714,0,0.035088,0.019718,0.000455,0.006452,0.078125,0.025424,1,0.012072,0,0,0.953488,0.833333,0.2,0.2,0.029817,0.011628,0.030305,0
0.04065,0.285714,0,0.035088,0.047887,0.001518,0,0.09375,0.042373,1,0.019833,0,0,0.98,0.466667,0.4,0.166667,0.029358,0.011628,0.036364,0
0.658537,0.142857,0.034483,1,0.383099,0.368189,1,0.34375,0.661017,0.468103,0.371946,0.793103,0.611111,0.195876,0.069318,0,0,0.033526,0.05814,0.0578,1
0.04878,0,0,0.017544,0.04507,0,0.006452,0.03125,0.042373,0.15,0.019833,0,0,0,0.6,0,0,0.023318,0.034884,0.060605,0
0.00813,0,0,0.011696,0.002817,0,0.012903,0,0.008475,1,0.000287,0,0,0,1,0,0,0,0.011628,0.045455,0
0.04878,0.142857,0,0.157895,0.132394,0.000455,0.032258,0.390625,0.016949,0.39375,0.762863,0.03125,0,0.848485,0.444444,0.2,0.066667,1,0.418605,0.303032,1
0.02439,0.428571,0,0.005848,0.014085,0.000152,0,0.015625,0.016949,0.25,0.100316,1,0,0.975,0.75,0.4,0.1,0.263761,0.069767,0.090909,0
0.081301,0.714286,0,0.204678,0.129577,0.000152,0.012903,0.515625,0.084746,0.259259,0.086807,1,0.111111,0.925234,0.242857,0.6,0.133333,0.066284,0.093023,0.072727,0
0.02439,0.428571,0,0.046784,0.04507,0.000455,0.006452,0.125,0.025424,1,0.050589,0,0,0.975904,0.583333,0.4,0.4,0.132263,0.011628,0.030305,0
0.04878,0.285714,0,0.51462,0.039437,0,0.56129,0.03125,0.050847,0.05,0.027882,0,0.111111,0.894737,0.4,0.2,0.033333,0.034021,0.034884,0.030305,0
0.02439,0.571429,0,0.064327,0.030986,0.000455,0,0.171875,0.025424,1,0.010635,0,0,0.99,0.533333,0.6,0.166667,0.025994,0.011628,0.01515,0
0.04065,0,0,0.040936,0.039437,0.000607,0.006452,0.09375,0.025424,0.375,0.036505,1,0.111111,0,0.416667,0,0,0.052294,0.011628,0.027273,0
0.154472,0.285714,0.034483,0.122807,0.121127,0.013204,0.03871,0.234375,0.152542,0.3,0.096579,0.2,0.166667,0.816092,0.184211,0.4,0.8,0.037663,0.104651,0.076555,1
0.02439,0.285714,0.103448,0.233918,0.087324,0.000455,0.193548,0.515625,0.025424,1,0.06956,0,0,0.978723,0.52381,0,0,0.182722,0.023256,0.060605,0
0.01626,0.428571,0,0.076023,0.03662,0.000152,0,0.203125,0.016949,1,0.012647,0,0,0.989691,0.6,0.4,0.133333,0.048165,0.023256,0.045455,0
0.130081,0,0,0.023392,0.107042,0.008803,0.019355,0.015625,0.135593,0.370833,0.075022,1,0.055556,0,0.453125,0,0,0.033974,0.034884,0.059659,0
0.349593,0,0,0.076023,0.256338,0.118834,0.025806,0.140625,0.008475,0.481293,0.561656,0.166667,0.111111,0,0.328042,0,0,0.099691,0.22093,0.069768,1
0.065041,0.285714,0,0.111111,0.050704,0.000607,0.03871,0.203125,0.042373,0.285714,0.021558,1,0,0.922078,0.325,0.4,0.266667,0.018635,0.011628,0.034091,0
0.081301,0.285714,0,0.122807,0.090141,0,0.025806,0.28125,0.059322,0.291667,0.075309,1,0,0.875,0.266667,0.4,0.2,0.056881,0.116279,0.095455,0
0.105691,0,0,0.035088,0.04507,0,0.03871,0,0.101695,0.180556,0.04599,1,0,0,0.410256,0,0,0.025406,0.023256,0.055945,0
0.02439,0,0,0.005848,0.025352,0,0.006452,0.015625,0.016949,0,0.019258,1,0.055556,0,0.5,0,0,0.045872,0.034884,0.075759,0
0.01626,0.571429,0,0.02924,0.025352,0.000152,0,0.078125,0.016949,1,0.01236,0,0,0.982143,0.75,0.4,0.233333,0.047018,0.011628,0.022727,0
0.01626,0.571429,0,0.052632,0.039437,0.000152,0.006452,0.125,0.008475,1,0.014372,0,0,0.995283,0.625,0.4,0.066667,0.055046,0.011628,0.022727,0
0.430894,0,0,0.140351,0.394366,0.155714,0.122581,0.140625,0.398305,0.447581,0.346076,0.870968,0.166667,0,0.106918,0,0,0.048468,0.197674,0.076327,0
0.170732,0,0,0.023392,0.115493,0,0.019355,0.03125,0.177966,0.295,0.102616,1,0,0,0.261905,0,0,0.036151,0.046512,0.073591,0
0.04065,0.142857,0,0.017544,0.03662,0.000607,0.012903,0.046875,0.042373,0.5,0.017534,1,0.166667,0.904762,0.5,0.2,0.033333,0.022936,0.011628,0.018182,0
0.203252,0,0,0.017544,0.197183,0.038549,0.019355,0,0.169492,0.451389,0.160678,1,0,0,0.152727,0,0,0.04844,0.034884,0.049091,0
0.01626,0.428571,0,0.105263,0.03662,0.000152,0,0.28125,0.016949,1,0.017534,0,0,0.989691,0.6,0.4,0.133333,0.067661,0.011628,0.022727,0
0.00813,0,0,0,0.005634,0,0,0,0.008475,1,0.004599,0,0.055556,0,1,0,0,0.027523,0,0,0
0.01626,0.285714,0,0.023392,0.011268,0.000152,0.006452,0.046875,0.016949,1,0.003737,0,0,0.97619,0.75,0.2,0.033333,0.012615,0.011628,0.022727,0
0.97561,0,0,0.05848,0.416901,0.901806,0.032258,0.078125,1,0.39916,0.2929,0,0.055556,0,0.185808,0,0,0.017125,0.046512,0.053786,0
0.439024,0.142857,0,0.409357,0.521127,0.187434,0.174194,0.859375,0.364407,0.474057,0.550158,0.916667,0.333333,0.504673,0.101307,0.4,0.233333,0.077982,0.104651,0.0968,1
0.02439,0.285714,0,0.040936,0.019718,0.000455,0.012903,0.078125,0.025424,1,0.007186,0,0,0.953488,0.555556,0.2,0.033333,0.01682,0.011628,0.030305,0
0.03252,0.285714,0,0.128655,0.064789,0,0,0.34375,0.025424,0.166667,0.033055,1,0,0.949153,0.4,0.4,0.166667,0.063073,0.023256,0.056818,0
0.121951,0.571429,0,0.046784,0.121127,0.012597,0,0.125,0.110169,0.410714,0.060362,1,0,0.729167,0.16,0.4,0.2,0.029511,0.034884,0.051514,0
0.00813,0,0,0,0.005634,0,0,0,0.008475,1,0.002874,0,0,0,1,0,0,0.006881,0,0,0
0.292683,0,0,0.052632,0.28169,0,0.012903,0.125,0.279661,0.408791,0.262719,0.923077,0.111111,0,0.176623,0,0,0.05511,0.081395,0.054291,0
0.056911,0,0.034483,0.146199,0.138028,0.000759,0.03871,0.296875,0.059322,0.366667,0.092268,1,0.222222,0,0.392857,0,0,0.101245,0.011628,0.038959,0
0.105691,0,0.172414,0.245614,0.039437,0.011838,0.258065,0.203125,0.110169,1,0.011498,0,0,0,0.203297,0,0,0.004764,0.011628,0.041959,0
0.121951,0,0,0.040936,0.095775,0.002277,0.025806,0.09375,0.067797,0.309524,0.095142,1,0.055556,0,0.190476,0,0,0.046942,0.011628,0.039395,1
0.04878,0.285714,0,0.245614,0.157746,0,0.006452,0.640625,0.042373,0.275,0.15263,1,0.222222,0.923077,0.361111,0.4,0.133333,0.199159,0.046512,0.075759,1
0.292683,0,0,0.146199,0.270423,0.078312,0.064516,0.25,0.29661,0.464571,0.238862,0.52,0.5,0,0.142593,0,0,0.049057,0.139535,0.093436,0
0.01626,0.571429,0,0.023392,0.028169,0.000152,0,0.0625,0.016949,1,0.008048,0,0,0.982143,0.75,0.4,0.233333,0.029817,0.011628,0.022727,0
0.04065,0,0.413793,0.163743,0.016901,0.001518,0.180645,0,0.042373,1,0.005461,0,0,0,0.9,0,0,0.006422,0.011628,0.036364,0
0.02439,0.857143,0,0.02924,0.016901,0.000455,0.006452,0.0625,0.008475,1,0.008911,0,0,0.985185,0.555556,0.6,0.166667,0.021407,0.023256,0.045455,0
0.04065,0.285714,0,0.152047,0.090141,0,0.006452,0.390625,0.033898,0.125,0.072722,1,0.055556,0.933333,0.333333,0.2,0.1,0.113303,0.05814,0.081818,0
0.04878,0.285714,0,0.122807,0.112676,0,0.012903,0.328125,0.042373,0.4,0.202932,1,0,0.923077,0.333333,0.6,0.233333,0.262232,0.325581,0.333332,1
0.00813,0,0,0.005848,0.005634,0,0.006452,0,0.008475,1,0.003449,0,0,0,1,0,0,0.020642,0,0,0
0.089431,0.571429,0,0.093567,0.064789,0.005615,0.019355,0.203125,0.084746,0.458333,0.040529,1,0,0.938776,0.225,0.4,0.166667,0.024604,0.023256,0.041323,0
0.03252,0.571429,0,0.035088,0.025352,0.000911,0.006452,0.078125,0.025424,1,0.018396,0,0,0.976563,0.4375,0.2,0.2,0.034404,0.046512,0.068182,0
0.203252,0,0,0.309942,0.070423,0.04553,0.335484,0.03125,0.211864,0.520833,0.008048,0,0,0,0.34,0,0,0,0.011628,0.045455,0
0.00813,0.285714,0,0.011696,0.005634,0,0,0.03125,0.008475,1,0.00115,0,0,1,1,0,0,0.006881,0,0,0
0.121951,0,0,0.017544,0.059155,0,0.006452,0.03125,0.127119,0.314286,0.045415,1,0.111111,0,0.311111,0,0,0.021101,0.023256,0.039395,0
0.03252,0.285714,0,0.076023,0.039437,0,0,0.203125,0.033898,0.166667,0.012647,1,0,0.959459,0.4,0.4,0.233333,0.022362,0.011628,0.034091,0
0.04065,0,0,0.02924,0.016901,0,0.025806,0.015625,0.042373,0.5,0.026444,0,0.055556,0,0.666667,0,0,0.031651,0,0,0
0.073171,0,0,0.017544,0.04507,0.003642,0.012903,0.03125,0.067797,0.354167,0.041104,0,0.055556,0,0.4,0,0,0.033384,0.034884,0.070709,0
0.02439,0,0,0.005848,0.011268,0,0.006452,0,0.025424,0.321429,0.015809,0,0,0,0.666667,0,0,0.034404,0,0,0
0.203252,0.285714,0.793103,0.362573,0.35493,0.01032,0.16129,0.578125,0.127119,0.424479,0.544409,0.9375,0.222222,0.763441,0.13141,0.6,0.333333,0.17,0.174419,0.132727,1
0.081301,0.142857,0,0.040936,0.061972,0,0.012903,0.078125,0.084746,0.055556,0.02242,0,0.055556,0.689655,0.28,0.2,0.033333,0.015367,0.023256,0.045455,0
0.04065,0.571429,0,0.052632,0.022535,0.001518,0.019355,0.09375,0.033898,1,0.014947,0,0,0.976563,0.45,0.2,0.133333,0.02156,0.034884,0.045455,1
0.081301,0,0,0,0.042254,0.005615,0,0,0.084746,0.388889,0.018396,1,0,0,0.375,0,0,0.011468,0.011628,0.036364,0
0.02439,0.571429,0,0.011696,0.011268,0.000455,0.006452,0.015625,0,1,0.002874,0,0,0.99095,1,0.2,0.033333,0.005352,0.011628,0.030305,0
0.138211,0,0,0.023392,0.067606,0,0.025806,0,0.135593,0.326705,0.1785,0.818182,0,0,0.291667,0,0,0.080005,0.116279,0.101605,0
0.04878,0.285714,0,0.02924,0.047887,0.000455,0,0.078125,0.050847,0.2,0.017246,1,0,0.975124,0.444444,0.4,0.133333,0.02026,0.011628,0.037877,0
0.02439,0.142857,0,0.017544,0.014085,0.000455,0.006452,0.03125,0,1,0.005174,0,0,0.5,0.555556,0,0,0.011468,0.023256,0.045455,0
0.01626,0.428571,0,0.02924,0.014085,0.000152,0,0.078125,0.016949,1,0.004312,0,0,0.979592,0.75,0.2,0.2,0.014908,0.011628,0.022727,0
0.130081,0,0.034483,0.140351,0.064789,0.013963,0.141935,0.03125,0.118644,0.444444,0.038229,1,0,0,0.5625,0,0,0.015912,0.034884,0.051136,0
0.03252,0.142857,0,0.005848,0.042254,0,0,0.015625,0.033898,0.416667,0.017821,0,0,0.571429,0.5,0.2,0.133333,0.03211,0.034884,0.068182,0
0.105691,0,0,0.046784,0.126761,0.006374,0.025806,0.078125,0.110169,0.3125,0.099166,0.5,0,0,0.340659,0,0,0.058222,0.05814,0.083918,0
0.00813,0.285714,0,0,0.005634,0,0,0,0.008475,1,0.001437,0,0,1,1,0,0,0.009174,0,0,0
0.056911,0.285714,0,0.146199,0.107042,0,0.012903,0.375,0.050847,0.041667,0.081058,1,0.055556,0.922078,0.306122,0.4,0.3,0.08945,0.034884,0.077923,0
0.113821,0,0,0.134503,0.123944,0.004401,0.070968,0.203125,0.118644,0.384615,0.156942,1,0,0,0.206349,0,0,0.086337,0.046512,0.084414,0
0.02439,0.285714,0,0.023392,0.011268,0.000455,0,0.0625,0.025424,1,0.002587,0,0,0.95,0.5,0.2,0.2,0.004587,0.011628,0.030305,0
0.105691,0.285714,0,0.163743,0.214085,0.006374,0.032258,0.375,0.076271,0.391667,0.190572,1,0.055556,0.823529,0.207692,0.4,0.366667,0.113797,0.209302,0.206295,0
0.455285,0.142857,0.034483,0.122807,0.23662,0.108362,0.090323,0.109375,0.474576,0.369697,0.241161,0.833333,0.055556,0.363636,0.160714,0.2,0.133333,0.031823,0.104651,0.071427,0
0.081301,0,0,0.02924,0.070423,0.000455,0.006452,0.078125,0,0.305556,0.234263,0.5,0.166667,0,0.3125,0,0,0.183257,0.127907,0.127273,1
0.065041,0.142857,0.103448,0.040936,0.04507,0.002732,0.019355,0.0625,0.050847,0.4,0.032768,1,0,0.837838,0.5,0.2,0.033333,0.028956,0.011628,0.034091,0
0.04878,0.142857,0,0.023392,0.070423,0.001973,0.012903,0.03125,0.042373,0.45,0.029894,1,0.055556,0.871795,0.305556,0.2,0.033333,0.036697,0.023256,0.045455,0
0.227642,0,0,0.315789,0.138028,0.040674,0.322581,0.0625,0.237288,0.281481,0.210405,0.8,0,0,0.285714,0.2,0.033333,0.057258,0.104651,0.064936,0
0.130081,0.142857,0.034483,0.146199,0.143662,0.007588,0.045161,0.296875,0.135593,0.373333,0.102328,0.8,0.055556,0.666667,0.1875,0.4,0.3,0.048022,0.104651,0.102273,0
0.097561,0,0,0.005848,0.073239,0,0.006452,0,0,0.340909,0.104915,0.5,0.111111,0,0.409091,0,0,0.065558,0.116279,0.113636,0
0.056911,0.285714,0,0.128655,0.078873,0,0.006452,0.328125,0.059322,0,0.041104,1,0.055556,0.934211,0.285714,0.4,0.233333,0.044233,0.023256,0.05195,0
0.243902,0,0,0.023392,0.174648,0.033844,0.012903,0.03125,0.237288,0.317241,0.132222,0.6,0,0,0.2,0,0,0.032492,0.05814,0.048486,0
0.105691,0.571429,0,0.064327,0.056338,0.008195,0.012903,0.140625,0.101695,0.45,0.034205,1,0,0.926174,0.21875,0.4,0.166667,0.016937,0.023256,0.041959,0
0.00813,0.428571,0,0,0.005634,0,0,0,0.008475,1,0.001437,0,0,1,1,0,0,0.009174,0,0,0
0.065041,0.571429,0,0.192982,0.123944,0,0.006452,0.515625,0.067797,0.071429,0.069273,1,0.055556,0.933962,0.270833,0.6,0.133333,0.066514,0.069767,0.085227,0
0.056911,0,0.068966,0.046784,0.022535,0.003187,0.019355,0.078125,0.059322,1,0.003737,0,0,0,0.306122,0,0,0.001966,0.011628,0.038959,0
0.056911,0,0,0.005848,0.022535,0.003187,0,0.015625,0.059322,0.5,0.008623,1,0.055556,0,0.5,0,0,0.006881,0.011628,0.038959,0
0.130081,0.571429,0,0.111111,0.123944,0.001214,0.025806,0.25,0.118644,0.375,0.075022,1,0.111111,0.899281,0.18125,0.6,0.333333,0.034547,0.046512,0.065341,0
0.130081,0.142857,0,0.146199,0.239437,0.011534,0.03871,0.34375,0.135593,0.4,0.211555,0.8,0.111111,0.558824,0.215909,0.2,0.033333,0.102494,0.290698,0.1875,0
0.252033,0.428571,0,0.05848,0.160563,0.017757,0.006452,0.15625,0.245763,0.25,0.259845,0.5,0,0.802721,0.150538,0.8,0.666667,0.064294,0.174419,0.136364,1
0.02439,0.142857,0,0.017544,0.014085,0.000455,0.006452,0.03125,0,1,0.006899,0,0,0.5,0.555556,0,0,0.016055,0.023256,0.060605,0
0.073171,0.142857,0.241379,0.122807,0.042254,0.005464,0.096774,0.125,0.067797,1,0.014659,0,0,0.789474,0.285714,0.2,0.233333,0.010703,0.023256,0.050505,0
0.178862,0,0,0.128655,0.061972,0.035058,0.129032,0.03125,0.186441,1,0.006324,0,0,0,0.30303,0,0,0,0.011628,0.045455,0
0.04065,0.285714,0,0.040936,0.064789,0.001214,0.019355,0.078125,0.016949,0.4375,0.056913,0.5,0.055556,0.904762,0.44,0,0,0.087615,0.023256,0.054545,0
0.04878,0.285714,0,0.116959,0.112676,0.000455,0,0.3125,0.042373,0.2,0.052601,1,0.055556,0.918033,0.305556,0.2,0.2,0.067278,0.05814,0.075759,0
0.081301,0,0,0.309942,0.028169,0.00683,0.341935,0,0.084746,0.555556,0.003162,0,0,0,0.4,0,0,0,0.011628,0.045455,0
0.04065,0.428571,0.103448,0.111111,0.059155,0,0.019355,0.25,0.042373,0.125,0.042828,1,0.111111,0.969697,0.366667,0.6,0.466667,0.065138,0.046512,0.054545,0
0.162602,0.142857,0,0.304094,0.143662,0.028836,0.109677,0.609375,0.161017,1,0.082782,0,0,0.634615,0.245,0.2,0.066667,0.030734,0.046512,0.063636,0
0.04878,0.142857,0,0.02924,0.04507,0.002277,0.019355,0.0625,0.050847,1,0.016671,0,0,0.863636,0.388889,0.4,0.1,0.019878,0.011628,0.022727,0
0.308943,0.285714,0,0.169591,0.343662,0.092123,0.006452,0.453125,0.050847,0.45,0.532337,0,0.111111,0.357143,0.194595,0,0,0.108885,0.174419,0.171055,0
0.056911,0,0,0.035088,0.087324,0.002277,0.006452,0.09375,0.033898,0.416667,0.054326,0.5,0,0,0.233333,0,0,0.058978,0.023256,0.038959,0
0.073171,0.571429,0,0.116959,0.140845,0.004857,0.025806,0.265625,0.059322,0.5125,0.078183,0,0.055556,0.967611,0.351852,0.6,0.233333,0.065749,0.05814,0.070709,1
0.02439,0.428571,0,0.005848,0.011268,0.000152,0,0.015625,0.016949,0.25,0.143432,0,0,0.97619,1,0,0,0.37844,0.011628,0.01515,0
0.00813,0.428571,0,0.011696,0.005634,0,0.006452,0.015625,0.008475,1,0.00115,0,0,1,1,0,0,0.006881,0,0,0
0.682927,0.142857,1,0.590643,0.352113,0.463803,0.587097,0.265625,0.635593,0.456827,0.367634,0.75,0.166667,0.567708,0.090336,0.2,0.4,0.032301,0.104651,0.070886,1
0.081301,0.142857,0,0.035088,0.04507,0.00683,0.032258,0.015625,0.084746,1,0.041104,0,0,0.666667,0.8,0.2,0.466667,0.030505,0.023256,0.05,1
0.113821,0,0,0.023392,0.039437,0.013811,0.025806,0,0.118644,1,0.004024,0,0,0,0.27381,0,0,0,0.011628,0.045455,0
0.495935,0,0,0.046784,0.2,0.108362,0.025806,0.0625,0.508475,0.314583,0.416786,0.875,0,0,0.219262,0,0,0.051925,0.104651,0.100595,0
0.609756,0,0.034483,0.561404,0.552113,0.378965,0.554839,0.359375,0.5,0.466892,0.933314,1,0.5,0,0.093333,0,0,0.096086,0.151163,0.103032,1
0.243902,0,0,0.269006,0.388732,0.046896,0.025806,0.6875,0.101695,0.423775,0.848807,1,0.333333,0,0.1625,0,0,0.222018,0.465116,0.257577,0
0.146341,0,0.034483,0.023392,0.056338,0,0.025806,0,0.152542,0.191176,0.131647,1,0,0,0.916667,0,0,0.055556,0.046512,0.085859,1
0.04065,0,0,0.011696,0.050704,0.001518,0,0.03125,0.042373,1,0.056913,0,0,0,0.6,0,0,0.088532,0.046512,0.090909,1
0.03252,0.142857,0.034483,0.005848,0.025352,0.000304,0.006452,0,0.025424,0.333333,0.108652,1,0,0.942857,0.666667,0.4,0.1,0.213303,0.069767,0.079545,1
0.03252,0.428571,0,0.222222,0.129577,0,0.006452,0.578125,0.025424,0.041667,0.161541,1,0.222222,0.969697,0.458333,0.6,0.233333,0.317661,0.139535,0.159091,1
0.341463,0.142857,0.241379,0.853801,0.191549,0.124298,0.858065,0.234375,0.338983,0.476965,0.133659,0.111111,0,0.428571,0.120879,0.4,0.266667,0.022608,0.046512,0.053032,0
0.03252,0,0,0.081871,0.064789,0.000911,0.077419,0.03125,0.033898,1,0.084794,0,0,0,0.5,0,0,0.166858,0.069767,0.090909,1
0.04065,0,0.068966,0.035088,0.067606,0,0.032258,0.015625,0.042373,0.3,0.120437,0,0.055556,0,0.35,0,0,0.187615,0.093023,0.154545,0
0.01626,0.428571,0,0.02924,0.014085,0.000152,0,0.078125,0.016949,1,0.004312,0,0,0.979592,0.75,0.2,0.2,0.014908,0.011628,0.022727,0
0.03252,0,0,0.011696,0.014085,0,0.012903,0,0.033898,0.333333,0.008048,1,0,0,0.5,0,0,0.012041,0.011628,0.034091,0
0.04065,0.428571,0,0.046784,0.104225,0.000911,0,0.125,0.025424,0.325,0.072722,0.4,0,0.941176,0.4375,0.4,0.233333,0.111468,0.046512,0.054545,0
0.03252,0,0,0.023392,0.112676,0,0,0.0625,0.025424,0.166667,0.068985,1,0,0,0.333333,0,0,0.133028,0.139535,0.170455,0
0.01626,0,0,0,0.008451,0.000152,0,0,0.008475,1,0.002012,0,0,0,1,0,0,0.005734,0.011628,0.022727,0
0.04065,0.428571,0,0.116959,0.061972,0.000607,0,0.3125,0.042373,0.125,0.036217,1,0.111111,0.96,0.4,0.6,0.466667,0.054587,0.011628,0.036364,0
0.113821,0,0.965517,0.233918,0.061972,0.008347,0.245161,0.03125,0.101695,0.403846,0.040241,1,0,0,0.404762,0,0,0.019659,0.034884,0.055195,0
0.300813,0,0.034483,0.046784,0.160563,0.066778,0.03871,0.0625,0,0.396605,0.231101,0.722222,0.166667,0,0.289189,0,0,0.046429,0.174419,0.100736,1
0.03252,0.285714,0.068966,0.099415,0.014085,0.000911,0.070968,0.09375,0.033898,1,0.002012,0,0,0.959459,0.4375,0.4,0.133333,0.00172,0.011628,0.034091,0
0.03252,0,0,0.017544,0.030986,0.000607,0.006452,0.046875,0,0.547619,0.103478,0.428571,0.166667,0,0.428571,0,0,0.200115,0.081395,0.159091,0
0.065041,0.142857,0,0.023392,0.047887,0,0.012903,0.03125,0.067797,0,0.01351,0,0.055556,0.740741,0.416667,0.2,0.033333,0.010894,0.011628,0.039773,0
0.02439,0.428571,0,0.081871,0.047887,0.000455,0,0.21875,0.025424,1,0.021558,0,0,0.979592,0.444444,0.6,0.433333,0.055046,0.034884,0.060605,0
0.105691,0,0,0.064327,0.197183,0.010017,0.012903,0.140625,0.050847,0.476449,0.574016,0.043478,0.388889,0,0.266667,0,0,0.345977,0.162791,0.146855,1
0.04878,0,0,0.02924,0.109859,0.000455,0.019355,0.03125,0.025424,0.43,0.083932,0.4,0.055556,0,0.666667,0,0,0.105505,0.011628,0.030305,0
0.00813,0,0,0.005848,0.005634,0,0.006452,0,0.008475,1,0.003449,0,0,0,1,0,0,0.020642,0,0,0
0.406504,0.571429,0,0.345029,0.338028,0.16224,0.329032,0.390625,0.288136,0.469955,0.284565,0.944444,0.611111,0.853659,0.07913,0.6,0.2,0.042294,0.116279,0.072727,0
0.03252,0.285714,0,0.035088,0.042254,0.000911,0.006452,0.078125,0.033898,1,0.01121,0,0,0.959459,0.5,0.4,0.4,0.020069,0.011628,0.034091,0
0.03252,0.142857,0,0.046784,0.016901,0,0.006452,0.109375,0.033898,0,0.010635,1,0,0.8,0.45,0,0,0.018349,0.034884,0.056818,0
0.04065,0,0,0,0.050704,0.000607,0,0,0.025424,0.3125,0.045128,1,0,0,0.25,0,0,0.068807,0.069767,0.081818,0
0.073171,0,0,0.005848,0.042254,0.005464,0,0.015625,0.076271,1,0.019833,0,0,0,0.111111,0,0,0.015291,0.023256,0.045455,0
0.056911,0.142857,0,0.046784,0.030986,0.002884,0.025806,0.09375,0.050847,0.416667,0.01121,1,0.055556,0.444444,0.333333,0,0,0.010157,0.011628,0.032468,0
0.01626,0.285714,0,0.05848,0.030986,0.000152,0.006452,0.140625,0.016949,1,0.01121,0,0,0.978261,0.666667,0.2,0.033333,0.042431,0.011628,0.022727,0
0.065041,0.428571,0,0.05848,0.067606,0.002428,0.03871,0.109375,0.067797,0.285714,0.027882,0,0.055556,0.966507,0.3,0.4,0.133333,0.025229,0.034884,0.051136,0
0.146341,0.285714,0.034483,0.146199,0.233803,0.01199,0.03871,0.328125,0.144068,0.367647,0.14142,0.5,0.055556,0.920188,0.136752,0.4,0.2,0.059888,0.046512,0.058082,1
0.04878,0.285714,0,0.052632,0.104225,0,0,0.140625,0.042373,0.38,0.145157,0.4,0,0.615385,0.375,0.4,0.2,0.188838,0.093023,0.106059,1
0.536585,0,0,0.450292,0.185915,0.325543,0.477419,0.046875,0.559322,0.507692,0.023283,0,0,0,0.277056,0,0,0,0.011628,0.045455,0
0.138211,0,0,0.02924,0.098592,0,0.012903,0.046875,0.144068,0.355469,0.10779,1,0.111111,0,0.341176,0,0,0.047221,0.069767,0.096255,1
0.065041,0,0.103448,0.076023,0.047887,0.003946,0.058065,0.0625,0.042373,0.471429,0.026157,0.8,0,0,0.339286,0,0,0.022362,0.011628,0.034091,1
0.04878,0,0,0.005848,0.030986,0,0.006452,0,0.050847,0.325,0.016384,1,0,0,0.444444,0,0,0.017966,0.011628,0.037877,0
0.01626,0,0,0.02924,0.005634,0.000152,0.032258,0,0.016949,1,0.004886,0,0,0,1,0,0,0,0.011628,0.045455,0
0.01626,0.428571,0.034483,0.02924,0.011268,0.000152,0.006452,0.078125,0.016949,1,0.003162,0,0,1,0.6,0,0,0.010321,0,0,0
0.00813,0,0,0.035088,0.028169,0,0.019355,0.0625,0,1,0.022995,0,0.166667,0,1,0,0,0.162844,0,0,0
0.00813,0,0,0.046784,0.002817,0,0.051613,0,0.008475,1,0.000287,0,0,0,1,0,0,0,0.011628,0.045455,0
0.056911,0,0,0.023392,0.053521,0.003187,0,0.0625,0.059322,1,0.045415,0,0,0,0.380952,0,0,0.049476,0.069767,0.116882,0
0.01626,0,0,0,0.011268,0.000152,0,0,0.016949,0.5,0.01351,1,0,0,1,0,0,0.041284,0.011628,0.022727,0
0.065041,0.571429,0,0.099415,0.185915,0.00425,0.006452,0.25,0.050847,1,0.156079,0,0,0.888889,0.475,0.6,0.266667,0.153383,0.011628,0.039773,1
0.121951,0.428571,0.034483,0.052632,0.098592,0,0.051613,0.015625,0.127119,0.196429,0.102616,0,0,0.62963,0.311111,0.2,0.066667,0.051988,0.093023,0.090909,0
0.04878,0,0,0.046784,0.059155,0,0.012903,0.09375,0.050847,0.25,0.041966,0.5,0.055556,0,0.380952,0,0,0.052752,0.011628,0.037877,1
0.089431,0,0,0.005848,0.042254,0,0.006452,0,0.09322,0.225,0.082208,1,0,0,0.606061,0,0,0.056505,0.046512,0.099173,0
0.02439,0.428571,0,0.099415,0.039437,0,0,0.265625,0.025424,0,0.017821,1,0.055556,0.979592,0.444444,0.6,0.433333,0.044343,0.011628,0.030305,0
0.089431,0.285714,0,0.017544,0.053521,0.008347,0.006452,0.03125,0.09322,1,0.022708,0,0,0.804348,0.363636,0,0,0.014178,0.011628,0.037191,0
0.04065,0.285714,0,0.181287,0.11831,0.000607,0,0.484375,0.033898,0.25,0.072722,1,0.055556,0.933333,0.333333,0.2,0.2,0.113303,0.046512,0.072727,0
0.04065,0.571429,0,0.040936,0.022535,0.000911,0,0.109375,0.042373,0.458333,0.011785,1,0,0.971831,0.325,0.2,0.066667,0.015138,0.011628,0.036364,0
0.00813,0,0,0.005848,0.002817,0,0,0.015625,0.008475,1,0.000287,0,0,0,1,0,0,0,0.011628,0.045455,0
0.04878,0.285714,0,0.081871,0.078873,0,0,0.21875,0.050847,0,0.029031,1,0.055556,0.934211,0.305556,0.4,0.266667,0.035933,0.011628,0.037877,0
0.138211,0,0,0.017544,0.092958,0,0.019355,0,0.144068,0.24375,0.087669,1,0,0,0.264706,0,0,0.038181,0.046512,0.058823,0
0.04065,0.285714,0,0.134503,0.084507,0.000607,0.012903,0.34375,0.033898,0.5,0.14257,1,0.055556,0.9375,0.4,0.6,0.2,0.223853,0.197674,0.2,0
0.065041,0.142857,0,0.017544,0.059155,0,0.006452,0.046875,0.067797,0.214286,0.030181,0.5,0.055556,0.588235,0.34375,0.2,0.166667,0.027236,0.034884,0.051136,0
0.02439,0.571429,0,0.064327,0.030986,0.000455,0,0.171875,0.025424,1,0.010635,0,0,0.99,0.533333,0.6,0.166667,0.025994,0.011628,0.01515,0
0.04878,0.142857,0,0.011696,0.022535,0.000759,0.012903,0,0.050847,0.4,0.01351,0,0,0.642857,0.444444,0,0,0.013761,0.011628,0.037877,0
0.105691,0.428571,0.034483,0.087719,0.140845,0.004553,0.012903,0.203125,0.076271,0.291667,0.111526,1,0.111111,0.943925,0.230769,0.4,0.2,0.065808,0.093023,0.076923,0
0.01626,0.571429,0,0.02924,0.011268,0.000152,0,0.078125,0.016949,1,0.002874,0,0,0.982143,0.75,0.4,0.233333,0.009174,0.011628,0.022727,0
0.03252,0,0,0.035088,0.064789,0.000911,0.012903,0.0625,0.025424,1,0.045128,0,0,0,0.4,0,0,0.087729,0.011628,0.034091,0
0.056911,0,0,0.017544,0.053521,0,0.019355,0.015625,0.050847,0.125,0.124174,1,0.055556,0,0.464286,0,0,0.137942,0.034884,0.064936,0
0.178862,0.142857,0,0.05848,0.225352,0.026256,0.012903,0.125,0.127119,0.428571,0.629491,0.875,0.222222,0.775281,0.232804,0.4,1,0.225188,0.034884,0.051655,0
0.178862,0,0,0.005848,0.216901,0.033237,0.006452,0,0.042373,0.486395,0.649899,0.142857,0,0,0.227513,0,0,0.231964,0.093023,0.154959,0
0,0,0,0.064327,0,0,0.064516,0.015625,0,1,0,0,0,0,0,0,0,0,0,0,0
0.788618,0,0.034483,0.374269,0.391549,0.67901,0.329032,0.21875,0.610169,0.470833,0.577752,0.96,0.777778,0,0.151442,0,0,0.044642,0.139535,0.095595,0
0.113821,0.714286,0,0.087719,0.090141,0,0.006452,0.234375,0.09322,0.365385,0.046853,1,0.111111,0.914286,0.234694,0.8,0.266667,0.023755,0.034884,0.055195,0
0.04065,0.714286,0,0.093567,0.101408,0.001518,0.006452,0.234375,0.033898,1,0.053464,0,0,0.941176,0.5,0.4,0.266667,0.083028,0.011628,0.036364,0
0.081301,0.571429,0,0.046784,0.149296,0,0.006452,0.109375,0.042373,0.441571,0.308422,1,0.055556,0.954545,0.211111,0.4,0.266667,0.230505,0.127907,0.154545,1
0.00813,0,0,0,0.002817,0,0,0,0.008475,1,0.000287,0,0,0,1,0,0,0,0.011628,0.045455,0
0.235772,0.571429,0,0.011696,0.205634,0.04553,0.006452,0.03125,0.177966,0.439626,0.224777,0.857143,0.055556,0.942149,0.344828,0.6,0.166667,0.057893,0.116279,0.068964,0
0.03252,0,0,0.046784,0.270423,0.000911,0,0.125,0.016949,1,0.428284,0,0,0,0.25,0,0,0.852064,1,1,1
0.01626,0.142857,0,0.040936,0.025352,0.000152,0,0.109375,0.016949,1,0.01121,0,0,1,0.75,0,0,0.042431,0,0,0
0.211382,0,0.034483,0.099415,0.23662,0.047807,0.077419,0.078125,0.194915,0.442222,0.321644,0.888889,0.333333,0,0.22,0,0,0.095625,0.465116,0.225523,0
0.00813,0,0,0,0.002817,0,0,0,0.008475,1,0.000575,0,0,0,1,0,0,0,0.011628,0.045455,0
0.02439,0.428571,0,0.011696,0.016901,0,0.006452,0.015625,0.025424,0,0.013797,1,0,1,0.777778,0,0,0.033639,0,0,0
0.02439,0.428571,0,0.02924,0.014085,0.000152,0.006452,0.0625,0.025424,0.5,0.007186,1,0,0.975904,0.466667,0,0,0.015291,0.011628,0.030305,0
0.01626,0.428571,0,0.046784,0.016901,0.000152,0,0.125,0.016949,1,0.003737,0,0,0.989691,0.625,0.4,0.133333,0.012615,0.011628,0.022727,0
0.01626,0.428571,0,0.070175,0.028169,0.000152,0,0.1875,0.016949,1,0.008911,0,0,0.989691,0.6,0.4,0.166667,0.033257,0.011628,0.022727,0
0.056911,0.285714,0,0.081871,0.070423,0,0.006452,0.203125,0.050847,0.25,0.033918,1,0.055556,0.903226,0.285714,0.2,0.166667,0.035714,0.05814,0.064936,0
0.02439,0.285714,0,0.023392,0.011268,0.000455,0,0.0625,0.025424,1,0.002587,0,0,0.95,0.5,0.2,0.2,0.004587,0.011628,0.030305,0
0.01626,0.571429,0,0.02924,0.025352,0.000152,0,0.078125,0.016949,1,0.012072,0,0,0.982143,0.75,0.6,0.266667,0.045872,0.011628,0.022727,0
0.01626,0.428571,0,0.035088,0.022535,0.000152,0,0.09375,0.016949,1,0.006611,0,0,0.979592,0.75,0.2,0.2,0.024083,0.011628,0.022727,0
0.349593,0,0,0.023392,0.208451,0.137047,0,0.0625,0.305085,0.511905,0.381144,0,0,0,0.168605,0,0,0.068007,0.05814,0.058141,1
0.089431,0.285714,0,0.046784,0.056338,0.004401,0.032258,0.0625,0.09322,0.4125,0.032768,1,0,0.951456,0.340909,0.4,0.166667,0.020642,0.023256,0.045455,0
0.081301,0.142857,0,0.017544,0.061972,0,0,0.046875,0.084746,0.333333,0.03478,1,0.055556,0.526316,0.35,0.2,0.166667,0.024541,0.046512,0.059091,0
0.056911,0.428571,0.034483,0.064327,0.135211,0.002277,0.012903,0.140625,0.025424,0.166667,0.081058,1,0,0.972222,0.5,0.2,0.033333,0.089777,0.011628,0.038959,0
0.089431,0.428571,0,0.134503,0.107042,0,0.012903,0.34375,0.09322,0.32,0.109227,1,0.166667,0.879518,0.204545,0.4,0.233333,0.075897,0.406977,0.219009,0
0.341463,0,0,0.064327,0.242254,0,0.025806,0.140625,0.347458,0.443598,0.164415,1,0.111111,0,0.190476,0,0,0.028506,0.034884,0.05195,1
0.02439,0,0,0.040936,0.039437,0.000455,0.025806,0.046875,0.016949,0.5,0.019833,1,0,0,0.5,0,0,0.049694,0.046512,0.060605,0
0.00813,0,0,0.017544,0.002817,0,0.019355,0,0.008475,1,0.000287,0,0,0,1,0,0,0,0.011628,0.045455,0
0.178862,0.285714,0.103448,0.222222,0.191549,0.023524,0.129032,0.375,0.161017,0.414286,0.110089,0.8,0.111111,0.907407,0.168182,0.4,0.5,0.037114,0.046512,0.049586,1
0.00813,0,0,0.011696,0.005634,0,0.012903,0,0.008475,1,0.005749,0,0,0,1,0,0,0.034404,0,0,0
0.03252,0.285714,0,0.111111,0.056338,0.000911,0,0.296875,0.025424,1,0.026444,0,0,0.949153,0.4,0.2,0.1,0.050459,0.011628,0.034091,0
0.04878,0.285714,0,0.076023,0.033803,0,0.006452,0.1875,0.042373,0.1,0.014085,1,0,0.918033,0.333333,0.2,0.1,0.016055,0.023256,0.053032,0
0.02439,0.428571,0,0.005848,0.011268,0.000152,0,0.015625,0.016949,0.25,0.171026,0,0,0.97619,1,0,0,0.451835,0.011628,0.01515,0
0.081301,0,0,0.035088,0.059155,0.00683,0.006452,0.078125,0.084746,1,0.033343,0,0,0,0.5,0,0,0.024312,0.011628,0.040909,0
0.203252,0,0,0.532164,0.132394,0.032478,0.567742,0.15625,0.20339,0.445833,0.141995,1,0.055556,0,0.185455,0,0,0.04211,0.05814,0.1,0
0.02439,0,0,0.017544,0.030986,0,0.012903,0.015625,0.025424,0.25,0.018396,1,0,0,0.555556,0,0,0.045107,0.011628,0.030305,0
0.121951,0,0,0.538012,0.092958,0.010472,0.580645,0.03125,0.110169,0.418367,0.127048,1,0,0,0.333333,0,0,0.06422,0.081395,0.11515,0
0.195122,0,0.034483,0.023392,0.070423,0.041888,0.006452,0.046875,0.20339,1,0.014947,0,0,0,0.298611,0,0,0.002676,0.011628,0.043559,0
0.341463,0,0,0.05848,0.250704,0.050842,0.03871,0.078125,0.330508,0.333959,0.251509,0.923077,0.055556,0,0.125397,0,0,0.044779,0.069767,0.058441,0
0.089431,0.285714,0,0.128655,0.092958,0.002277,0.012903,0.3125,0.084746,0.4125,0.04829,0.5,0.111111,0.951456,0.191919,0.4,0.3,0.031902,0.034884,0.049586,0
0.081301,0.285714,0,0.116959,0.115493,0,0,0.3125,0.076271,0.314815,0.104053,0.666667,0.111111,0.898734,0.269841,0.4,0.3,0.079358,0.093023,0.109091,0
0.211382,0,0,0.046784,0.11831,0.03688,0.006452,0.109375,0.211864,0.346667,0.058925,1,0.111111,0,0.258242,0,0,0.015526,0.011628,0.043705,1
0.089431,0.285714,0.517241,0.192982,0.056338,0,0.16129,0.125,0.084746,0.15,0.032481,0,0.055556,0.791667,0.345455,0.4,0.133333,0.021059,0.069767,0.07025,0
0.365854,0.142857,0,0.350877,0.312676,0.141448,0.154839,0.625,0.127119,0.284091,0.342915,0.6,0.055556,0.328125,0.175926,0,0,0.058257,0.139535,0.055555,1
0.154472,0,0,0.023392,0.070423,0,0.025806,0,0.152542,0.256944,0.073584,1,0,0,0.394737,0,0,0.028127,0.034884,0.055023,1
0.528455,0,0,0.040936,0.377465,0.077098,0.03871,0.078125,0.5,0.36875,0.662834,0.85,0.666667,0,0.151562,0,0,0.07837,0.209302,0.083918,0
0.03252,0.142857,0,0.017544,0.025352,0,0,0.046875,0.033898,0,0.018971,0,0.055556,0.966667,0.5625,0,0,0.034977,0.011628,0.011364,0
0.081301,0,0,0.005848,0.039437,0,0,0.015625,0.084746,0.236111,0.051739,1,0.055556,0,0.4,0,0,0.038073,0.034884,0.072727,0
0.113821,0,0,0.052632,0.143662,0.004098,0.006452,0.125,0.084746,0.298077,0.217016,0.05,0,0,0.162393,0,0,0.118119,0.104651,0.068182,0
0.02439,0.428571,0,0.128655,0.087324,0.000455,0.006452,0.328125,0.025424,1,0.043691,0,0,0.974359,0.5,0.4,0.1,0.113914,0.093023,0.136364,0
0.056911,0.285714,0,0.146199,0.132394,0.00258,0.006452,0.375,0.042373,0.444444,0.068123,1,0.055556,0.903226,0.309524,0.2,0.133333,0.074377,0.069767,0.077923,0
0.065041,0.714286,0.034483,0.05848,0.064789,0.001214,0.012903,0.140625,0.059322,0.214286,0.061512,0,0.055556,0.901408,0.375,1,0.733333,0.058773,0.081395,0.113636,1
0.00813,0,0,0.017544,0.002817,0,0.019355,0,0,1,0.031906,0,0,0,0,0,0,0.201835,0,0,0
0.03252,0.857143,0,0.05848,0.03662,0.000911,0,0.15625,0.025424,1,0.023283,0,0,0.96,0.5,0.6,0.266667,0.044151,0.011628,0.034091,0
0.04065,0.142857,0,0.02924,0.033803,0,0.006452,0.0625,0.042373,0,0.02357,0,0.055556,0.966667,0.4,0,0,0.034862,0.011628,0.009091,0
0.02439,0.428571,0,0.064327,0.076056,0.000455,0,0.171875,0.016949,1,0.048577,0,0,0.96,0.47619,0.2,0.2,0.126911,0.093023,0.136364,0
0.073171,0.571429,0,0.070175,0.090141,0.002732,0.012903,0.15625,0.067797,0.390625,0.112676,0.25,0.333333,0.954286,0.269841,0.4,0.666667,0.095566,0.116279,0.131314,0
0.02439,0,0,0.011696,0.025352,0.000152,0.012903,0,0.016949,0.5,0.019258,0,0,0,0.5,0,0,0.043578,0.011628,0.01515,0
0.601626,0.285714,0.068966,0.280702,0.31831,0.385339,0.245161,0.265625,0.59322,0.483026,0.326531,0.913043,0.222222,0.728625,0.073443,0.6,0.633333,0.032203,0.186047,0.083536,0
0.02439,0,0,0.087719,0.138028,0.000455,0,0.234375,0.025424,0.75,0.094567,1,0,0,0.533333,0,0,0.248471,0.011628,0.030305,1
0.01626,0.285714,0.068966,0.05848,0.022535,0.000152,0.045161,0.078125,0.008475,1,0.012647,0,0,0.986111,0.5,0,0,0.048165,0.034884,0.068182,0
0.02439,0.285714,0,0.02924,0.03662,0,0,0.078125,0.025424,0,0.016959,1,0.055556,0.909091,0.555556,0.4,0.233333,0.042049,0.034884,0.060605,0
0.04065,0.285714,0,0.122807,0.067606,0,0.012903,0.296875,0.033898,0.125,0.024145,1,0.055556,0.933333,0.314286,0.2,0.133333,0.035321,0.011628,0.036364,0
0.113821,0.428571,0,0.052632,0.112676,0,0.006452,0.125,0.110169,0.038462,0.050014,1,0.055556,0.941704,0.295918,0.4,0.1,0.026048,0.011628,0.042209,0
0.04878,0.285714,0,0.140351,0.101408,0,0.012903,0.359375,0.042373,0.25,0.08307,1,0.166667,0.934211,0.285714,0.4,0.266667,0.106651,0.081395,0.113636,0
0.01626,0,0,0.05848,0.039437,0,0.012903,0.125,0.016949,0,0.029894,1,0,0,0.583333,0,0,0.115826,0.011628,0.022727,0
0.04878,0.428571,0,0.210526,0.174648,0.002277,0.051613,0.5,0.042373,1,0.106065,0,0,0.938272,0.305556,0.6,0.5,0.138761,0.081395,0.128786,0
0.268293,0,0,0.017544,0.205634,0,0.006452,0.046875,0.279661,0.375,0.134809,0,0.111111,0,0.158508,0.2,0.033333,0.029886,0.069767,0.059227,0
0.869919,0,0.034483,0.017544,0.329577,0.860677,0.012903,0.015625,0.90678,1,0.18626,0,0,0,0.19107,0,0,0.011597,0.011628,0.045032,0
0.00813,0,0,0.02924,0.002817,0,0.019355,0.03125,0.008475,1,0.000287,0,0,0,1,0,0,0,0.011628,0.045455,0
0.02439,0.571429,0,0.035088,0.028169,0.000455,0.006452,0.078125,0.008475,1,0.008623,0,0,0.990698,0.583333,0.2,0.066667,0.020642,0.011628,0.030305,0
0.03252,0.428571,0,0.035088,0.016901,0.000304,0.012903,0.0625,0.025424,0.333333,0.008336,1,0,0.975904,0.466667,0,0,0.013188,0.011628,0.022727,0
0.414634,0,0,0.157895,0.323944,0.193504,0.070968,0.390625,0.338983,0.51,0.620581,0,0,0,0.181373,0,0,0.093632,0.209302,0.151514,1
0.01626,0,0,0.035088,0.005634,0.000152,0.03871,0.015625,0.016949,1,0.000575,0,0,0,1,0,0,0,0.011628,0.045455,0
0.02439,0,0,0.02924,0.025352,0,0,0.078125,0.025424,0,0.009198,0,0.055556,0,0.666667,0,0,0.021407,0.011628,0.030305,0
0.422764,0,0.172414,0.649123,0.309859,0.142966,0.56129,0.5625,0.084746,0.455882,0.270767,1,0.333333,0,0.163993,0,0,0.038726,0.069767,0.079545,0
0.219512,0.285714,0,0.263158,0.157746,0.053271,0.090323,0.5625,0.220339,1,0.144869,0,0,0.57377,0.20202,0.2,0.1,0.04052,0.093023,0.080809,0
0.02439,0.285714,0,0.035088,0.019718,0.000455,0.006452,0.078125,0.025424,1,0.012072,0,0,0.953488,0.833333,0.2,0.2,0.029817,0.011628,0.030305,0
0.02439,0.428571,0,0.157895,0.014085,0.000455,0.174194,0,0.025424,1,0.004599,0,0,1,0.555556,0,0,0.009939,0,0,0
0.121951,0,0,0.128655,0.073239,0.000152,0.135484,0.03125,0.118644,0.276786,0.138833,1,0.055556,0,0.383333,0,0,0.070948,0.069767,0.112123,0
0.471545,0,0,0.076023,0.247887,0,0.025806,0.15625,0.042373,0.339713,1,0.454545,0.111111,0,0.163793,0,0,0.134847,0.069767,0.0674,1
0.02439,0,0,0,0.008451,0.000455,0,0,0.025424,1,0.000862,0,0,0,0.611111,0,0,0,0.011628,0.045455,0
0.520325,0.142857,0,0.222222,0.447887,0.133252,0.129032,0.34375,0.491525,0.410256,0.490371,0.692308,0.277778,0.088235,0.126116,0.2,0.033333,0.058379,0.069767,0.063209,1
0.373984,0,0,0.017544,0.149296,0.153134,0.012903,0.015625,0.381356,0.483333,0.070423,0,0,0,0.190217,0,0,0.009623,0.011628,0.044468,0
0.04065,0,0,0.046784,0.028169,0.001518,0.051613,0,0.042373,1,0.024432,0,0,0,0.2,0,0,0.036697,0.05814,0.136364,0
0.081301,0,0.034483,0.035088,0.115493,0,0.019355,0.046875,0.059322,0.166667,0.125611,0.666667,0.055556,0,0.475,0,0,0.097248,0.011628,0.036364,0
0.03252,0.142857,0.034483,0.035088,0.053521,0,0.006452,0.09375,0.033898,0.166667,0.046565,1,0.055556,0.823529,0.5,0.2,0.133333,0.090023,0.127907,0.147727,0
0.01626,0,0,0.035088,0.067606,0.000152,0.025806,0.0625,0.016949,0.5,0.033918,1,0.111111,0,0.583333,0,0,0.130734,0.011628,0.022727,0
0.073171,0,0,0,0.025352,0.005464,0,0,0.076271,0.5625,0.005461,0,0,0,0.555556,0,0,0,0.011628,0.045455,0
0.04065,0,0,0.023392,0.047887,0.001214,0.019355,0.015625,0.042373,0.5,0.031043,0,0,0,0.6,0,0,0.04633,0.139535,0.136364,0
0.146341,0.428571,0,0.239766,0.197183,0.003187,0.03871,0.59375,0.118644,0.294118,0.258695,1,0,0.811111,0.238095,0.4,0.3,0.111876,0.232558,0.184345,1
0.056911,0.428571,0,0.099415,0.061972,0,0,0.265625,0.042373,0.3125,0.043978,1,0.222222,0.926829,0.309524,0.4,0.133333,0.046527,0.069767,0.077923,0
0.01626,0.285714,0,0.023392,0.011268,0.000152,0.006452,0.046875,0.016949,1,0.003737,0,0,0.97619,0.75,0.2,0.033333,0.012615,0.011628,0.022727,0
0.02439,0.142857,0,0.017544,0.014085,0.000455,0.006452,0.03125,0,1,0.006324,0,0,0.5,0.555556,0,0,0.014526,0.023256,0.060605,0
1,0.142857,0,0.619883,1,1,0.432258,0.875,0.974576,0.469848,0.937051,0.714286,1,0.097015,0.05765,0.2,0.066667,0.057712,0.05814,0.062823,1
0.105691,0,0,0.011696,0.076056,0,0.006452,0.015625,0.110169,0.347222,0.04829,0,0.055556,0,0.4,0,0,0.026817,0.069767,0.076923,0
0.04065,0,0,0.02924,0.019718,0.001518,0.006452,0.0625,0.042373,1,0.008623,0,0,0,0.25,0,0,0.011468,0.011628,0.036364,0
0.056911,0,0,0.023392,0.056338,0,0.012903,0.03125,0.059322,0.083333,0.034205,1,0,0,0.342857,0,0,0.036042,0.023256,0.032468,0
0.073171,0,0,0.017544,0.056338,0.005464,0,0.046875,0.076271,1,0.058638,0,0,0,0.333333,0,0,0.049694,0.046512,0.121214,0
0.146341,0.142857,0.724138,0.590643,0.121127,0.017453,0.509677,0.375,0.144068,0.419118,0.06841,1,0.166667,0.760563,0.285714,0.2,0.066667,0.027523,0.069767,0.065655,0
0.04065,0.142857,0.034483,0.02924,0.04507,0.000304,0.006452,0.078125,0.033898,0.3125,0.030756,0.5,0.055556,0.823529,0.5,0.2,0.133333,0.045872,0.104651,0.1,0
0.097561,0,0,0.02924,0.064789,0.008195,0,0.078125,0.101695,0.227273,0.039954,1,0.055556,0,0.533333,0,0,0.024083,0.011628,0.037877,0
0.04878,0.285714,0,0.181287,0.152113,0.000455,0.012903,0.46875,0.042373,0.3,0.090256,1,0.111111,0.918033,0.361111,0.2,0.166667,0.116972,0.104651,0.121214,0
0.089431,0.142857,0.034483,0.076023,0.08169,0.008044,0.064516,0.046875,0.09322,0.4,0.03593,1,0,0.705882,0.327273,0.2,0.166667,0.023561,0.046512,0.066114,0
0.065041,0.571429,0,0.046784,0.067606,0.003946,0.006452,0.109375,0.033898,0.285714,0.057488,1,0.055556,0.936364,0.4375,0.4,0.266667,0.054759,0.046512,0.085227,1
0.02439,0.428571,0,0.146199,0.067606,0,0,0.390625,0.025424,0,0.054901,1,0.222222,0.979592,0.444444,0.6,0.433333,0.140673,0.034884,0.060605,0
0.01626,0.571429,0,0.02924,0.019718,0.000152,0,0.078125,0.016949,1,0.01006,0,0,0.982143,0.75,0.4,0.233333,0.037844,0.011628,0.022727,0
0.03252,0,0,0.023392,0.03662,0,0.012903,0.03125,0.033898,0.083333,0.021845,1,0.055556,0,0.75,0,0,0.040138,0.023256,0.045455,0
0.02439,0.285714,0.068966,0.023392,0.011268,0.000455,0.019355,0.015625,0.016949,1,0.001725,0,0,0.972603,0.666667,0,0,0.002294,0.011628,0.030305,0
0.02439,0,0,0.023392,0.008451,0.000455,0.025806,0,0.025424,1,0.000862,0,0,0,0.666667,0,0,0,0.011628,0.045455,1
0.03252,0.571429,0,0,0.022535,0.000911,0,0,0.033898,1,0.005749,0,0,0.963855,0.625,0,0,0.009174,0.011628,0.034091,0
0.03252,0.285714,0,0.052632,0.022535,0.000911,0.006452,0.125,0.025424,0.5,0.008623,1,0,0.952381,0.4,0.4,0.133333,0.013761,0.011628,0.034091,0
0.186992,0,0,0.011696,0.073239,0.02747,0.012903,0,0.186441,0.489899,0.91923,0,0,0,0.25,0,0,0.315716,0.197674,0.177864,0
0.056911,0.142857,0,0.087719,0.140845,0.001669,0,0.234375,0.042373,0.455556,0.159529,0.866667,0,0.545455,0.351852,0,0,0.17464,0.023256,0.045455,1
0.178862,0.285714,0,0.05848,0.15493,0,0.006452,0.140625,0.177966,0.279762,0.132222,1,0.055556,0.6875,0.25,0.4,0.066667,0.044412,0.011628,0.041323,0
0.203252,0.285714,0,0.035088,0.138028,0,0.025806,0.046875,0.211864,0.260417,0.046278,0.5,0.055556,0.890909,0.253333,0.2,0.033333,0.012294,0.023256,0.045455,0
0.01626,0,0,0.076023,0.095775,0,0.006452,0.203125,0,0.033333,0.081345,0.866667,0.333333,0,1,0,0,0.305046,0.046512,0.090909,1
0.105691,0,0.034483,0.076023,0.101408,0.008803,0.064516,0.046875,0.110169,0.333333,0.074734,0,0,0,0.307692,0,0,0.043402,0.127907,0.090909,0
0.178862,0.142857,0,0.269006,0.152113,0.032023,0.090323,0.546875,0.169492,0.309524,0.129922,1,0,0.622642,0.215909,0.4,0.133333,0.044725,0.081395,0.059918,0
0.097561,0.428571,0,0.02924,0.061972,0.000607,0.006452,0.0625,0.09322,0.242424,0.042541,0.333333,0,0.921875,0.25,0.6,0.5,0.02542,0.023256,0.045455,0
0.081301,0.285714,0.137931,0.719298,0.042254,0.004098,0.767742,0.09375,0.076271,0.444444,0.025007,1,0.111111,0.898734,0.288889,0,0,0.015826,0.011628,0.036364,0
0.02439,0,0,0.005848,0.042254,0.000455,0,0.015625,0.025424,0.75,0.035642,1,0,0,0.333333,0,0,0.091743,0.069767,0.121214,0
0.00813,0.714286,0,0.005848,0.005634,0,0,0.015625,0.008475,1,0.001725,0,0,1,1,0,0,0.011468,0,0,0
0.04878,0.714286,0.172414,0.076023,0.03662,0.000455,0.045161,0.109375,0.033898,0.2,0.018684,1,0.055556,0.969697,0.366667,0.4,0.133333,0.022171,0.023256,0.037877,1
0.065041,0.142857,0.034483,0.035088,0.030986,0,0.025806,0.03125,0.067797,0.107143,0.030181,1,0,0.666667,0.5,0.2,0.2,0.027236,0.046512,0.051136,0
0.105691,0.285714,0,0.239766,0.101408,0.003339,0.23871,0.078125,0.101695,0.208333,0.088244,0,0,0.865854,0.182692,0.4,0.733333,0.051694,0.127907,0.104895,1
0.01626,1,0,0.023392,0.011268,0.000152,0.012903,0.03125,0.008475,1,0.003449,0,0,1,0.833333,0,0,0.011468,0,0,1
0.03252,0.571429,0,0.02924,0.016901,0,0.012903,0.046875,0.025424,0.166667,0.006611,1,0,0.986486,0.5,0,0,0.010321,0.011628,0.034091,0
0.219512,0.285714,0,0.280702,0.16338,0.053271,0.051613,0.65625,0.220339,1,0.112963,0,0,0.57377,0.20202,0.2,0.1,0.031091,0.093023,0.074073,0
0.170732,0.142857,0,0.25731,0.138028,0.031871,0.096774,0.5,0.161017,1,0.129348,0,0,0.622642,0.238095,0.4,0.133333,0.046855,0.081395,0.0671,1
0.01626,0.142857,0,0.023392,0.019718,0,0.006452,0.046875,0.016949,0,0.007186,1,0.055556,0.966667,0.75,0,0,0.025229,0.011628,0.022727,0
0.02439,0.428571,0,0.005848,0.011268,0.000152,0,0.015625,0.016949,0.25,0.172176,0,0,0.97619,1,0,0,0.454893,0.011628,0.01515,0
0.02439,0.428571,0,0.005848,0.011268,0.000152,0,0.015625,0.016949,0.25,0.171026,0,0,0.97619,1,0,0,0.451835,0.011628,0.01515,0
0.01626,0.571429,0,0.035088,0.019718,0.000152,0,0.09375,0.016949,1,0.010348,0,0,0.982456,0.75,0.2,0.2,0.038991,0.011628,0.022727,0
0.113821,0.142857,0,0.05848,0.08169,0,0.051613,0.03125,0.118644,0.134615,0.09543,1,0.055556,0.785714,0.410714,0.2,0.033333,0.051769,0.069767,0.074677,0
0.227642,0,0,0.116959,0.11831,0,0.122581,0.015625,0.177966,0.314815,0.481748,0.0625,0.055556,0,0.242798,0,0,0.133683,0.127907,0.136364,1
0.01626,0.571429,0,0.035088,0.022535,0.000152,0,0.09375,0.016949,1,0.009773,0,0,0.982456,0.75,0.2,0.2,0.036697,0.011628,0.022727,0
0.341463,0.285714,0,0.105263,0.290141,0.083017,0.077419,0.125,0.313559,0.459146,0.300661,0.4,0,0.837607,0.233062,0,0,0.053735,0.151163,0.090909,1
0.02439,0.285714,0,0.040936,0.022535,0.000455,0.012903,0.078125,0.025424,1,0.006611,0,0,0.952381,0.555556,0.2,0.033333,0.015291,0.011628,0.030305,0
0.341463,0,0,0.017544,0.191549,0.056913,0.006452,0.03125,0.245763,0.390244,0.58695,1,0,0,0.226481,0,0,0.108563,0.383721,0.142859,1
0.02439,0.285714,0,0.040936,0.019718,0.000455,0.012903,0.078125,0.025424,1,0.007186,0,0,0.953488,0.555556,0.2,0.033333,0.01682,0.011628,0.030305,0
0.056911,0.571429,0.068966,0.070175,0.064789,0.003187,0.019355,0.15625,0.016949,1,0.046853,0,0,0.976563,0.371429,0.4,0.133333,0.051114,0.127907,0.084414,0
0.04065,0.285714,0,0.140351,0.090141,0,0.006452,0.359375,0.033898,0.1875,0.050877,1,0.055556,0.933333,0.333333,0.4,0.166667,0.077982,0.046512,0.081818,0
0,0,0,0.02924,0,0,0.032258,0,0,1,0,0,0,0,0,0,0,0,0,0,0
0.01626,0,0,0.005848,0.061972,0.000152,0.006452,0,0.016949,1,0.041679,0,0,0,0.5,0,0,0.163991,0.093023,0.181818,0
0.02439,0.428571,0,0.052632,0.08169,0.000455,0.012903,0.140625,0.016949,1,0.030756,0,0,0.990566,0.666667,0.2,0.033333,0.079511,0.011628,0.030305,0
0.105691,0,0,0.064327,0.115493,0.005767,0.051613,0.0625,0.101695,0.472222,0.076171,1,0.111111,0,0.269231,0,0,0.043402,0.104651,0.076923,0
0.00813,0,0,0.017544,0.002817,0,0.006452,0.03125,0.008475,1,0.000287,0,0,0,1,0,0,0,0.011628,0.045455,0
0.03252,0,0,0.023392,0.04507,0,0.006452,0.046875,0.025424,0.25,0.06956,1,0,0,0.4375,0,0,0.134174,0.069767,0.136364,0
0.01626,0.285714,0,0.017544,0.014085,0,0,0.046875,0.016949,0,0.005174,0,0.055556,0.964286,0.666667,0.2,0.033333,0.017202,0.011628,0.022727,0
0.105691,0,0,0.233918,0.090141,0,0.174194,0.21875,0.110169,0.166667,0.08422,1,0.055556,0,0.211538,0,0,0.049047,0.046512,0.080418,1
0.065041,0.571429,0,0.064327,0.042254,0.002125,0.006452,0.15625,0.059322,0.419643,0.028744,1,0,0.958333,0.47619,0.2,0.066667,0.024083,0.011628,0.034091,0
0.02439,0.428571,0,0.005848,0.011268,0.000152,0,0.015625,0.016949,0.25,0.167577,0,0,0.97619,1,0,0,0.442661,0.011628,0.01515,0
0.081301,0,0,0.327485,0.050704,0.00258,0.36129,0,0.084746,0.388889,0.030469,1,0,0,0.4,0.2,0.033333,0.020872,0.023256,0.045455,0
0.121951,0.285714,0.37931,0.122807,0.135211,0.015329,0.109677,0.09375,0.084746,0.410714,0.080483,1,0.111111,0.933333,0.348148,0,0,0.040214,0.011628,0.042423,0
0.065041,0.285714,0,0.05848,0.092958,0.001214,0,0.15625,0.067797,0.214286,0.04714,1,0.055556,0.965517,0.3,0.4,0.166667,0.044438,0.186047,0.125,0
0.01626,0.142857,0.034483,0.192982,0.073239,0.000152,0.154839,0.453125,0.016949,1,0.061224,0,0,0.98913,0.642857,0,0,0.241972,0.05814,0.113636,0
0.04065,0.285714,0,0.081871,0.121127,0.000607,0,0.21875,0.033898,0.25,0.066973,1,0.055556,0.9375,0.36,0.4,0.166667,0.104128,0.116279,0.118182,0
0.243902,0,0.034483,0.040936,0.092958,0,0.045161,0,0.254237,0.211207,0.268181,1,0,0,0.4,0,0,0.068731,0.05814,0.098486,0
0.00813,0,0,0.087719,0.002817,0,0.090323,0.015625,0.008475,1,0.00115,0,0,0,1,0,0,0,0.011628,0.045455,0
0.00813,0,0,0.023392,0.002817,0,0.019355,0.015625,0.008475,1,0.000287,0,0,0,1,0,0,0,0.011628,0.045455,0
0.178862,0,0,0.011696,0.138028,0.033541,0.006452,0.015625,0.169492,0.482143,0.093993,1,0.055556,0,0.143939,0,0,0.03138,0.023256,0.045455,1
0.081301,0.142857,0,0.040936,0.053521,0,0.012903,0.078125,0.084746,0.055556,0.016671,0,0.055556,0.689655,0.325,0.2,0.033333,0.01078,0.011628,0.040909,0
0.02439,0,0,0.046784,0.008451,0.000455,0.032258,0.046875,0.025424,1,0.000862,0,0,0,0.5,0,0,0,0.011628,0.045455,0
0.02439,0.428571,0,0.005848,0.011268,0.000152,0,0.015625,0.016949,0.25,0.090256,0,0,0.97619,1,0,0,0.237003,0.011628,0.01515,0
0.056911,0.285714,0.103448,0.093567,0.059155,0,0.064516,0.140625,0.059322,0.208333,0.041966,1,0.111111,0.934211,0.357143,0.4,0.133333,0.044889,0.034884,0.05195,0
0.105691,0.428571,0.034483,0.093567,0.138028,0.006071,0.006452,0.234375,0.110169,0.319444,0.101178,0.666667,0.166667,0.946903,0.188034,0.8,0.366667,0.05928,0.023256,0.052445,0
0.01626,0.285714,0,0.023392,0.011268,0.000152,0.006452,0.046875,0.016949,1,0.003737,0,0,0.97619,0.75,0.2,0.033333,0.012615,0.011628,0.022727,0
0.065041,0,0,0.070175,0.188732,0.001214,0,0.1875,0.033898,0.37013,0.196321,1,0.055556,0,0.309524,0,0,0.190367,0.209302,0.204545,0
0.04065,0.142857,0,0.02924,0.033803,0,0.006452,0.0625,0.033898,0,0.009773,0,0,0.75,0.4,0,0,0.012844,0.011628,0.036364,0
0.260163,0,0.068966,0.070175,0.152113,0.071331,0.045161,0.078125,0.194915,0.478006,0.10664,1,0.111111,0,0.286458,0,0,0.023509,0.05814,0.059659,1
0.02439,0.428571,0,0.105263,0.047887,0,0,0.28125,0.025424,0,0.031043,1,0.111111,0.979592,0.444444,0.6,0.466667,0.078746,0.011628,0.030305,0
0.065041,0.285714,0,0.152047,0.152113,0.000911,0.019355,0.390625,0.059322,0.404762,0.080195,1,0.166667,0.895522,0.3,0.4,0.166667,0.075975,0.081395,0.102273,0
0.01626,0.142857,0,0.040936,0.016901,0,0.006452,0.09375,0.016949,0,0.006611,1,0.055556,0.923077,0.625,0,0,0.022936,0.023256,0.045455,0
0.03252,0.285714,0,0.011696,0.025352,0,0.012903,0,0.033898,0.166667,0.011498,1,0,0.944444,0.5,0.2,0.033333,0.020069,0.023256,0.022727,0
0.02439,0.285714,0,0.152047,0.101408,0.000455,0.006452,0.390625,0.016949,1,0.070423,0,0,0.965517,0.5,0.4,0.133333,0.185015,0.174419,0.242423,0
0.056911,0,0,0.023392,0.019718,0.003187,0.012903,0.03125,0.059322,1,0.002012,0,0,0,1,0,0,0,0.011628,0.045455,0
0.04878,0.857143,0,0.152047,0.109859,0.000759,0,0.40625,0.050847,0.3,0.08307,1,0,0.95935,0.333333,0.8,0.266667,0.107416,0.046512,0.068182,0
0.178862,0,0.068966,0.035088,0.138028,0.010776,0.025806,0.078125,0.169492,0.353175,0.237712,0.833333,0.222222,0,0.272727,0.2,0.033333,0.082673,0.186047,0.126032,0
0.01626,0.285714,0,0.023392,0.011268,0.000152,0.006452,0.046875,0.016949,1,0.003737,0,0,0.97619,0.75,0.2,0.033333,0.012615,0.011628,0.022727,0
0.01626,0,0,0.017544,0.005634,0.000152,0.019355,0,0.016949,1,0.002874,0,0,0,0.666667,0,0,0,0.011628,0.045455,0
0.065041,0.285714,0,0.064327,0.059155,0.001214,0.019355,0.125,0.059322,0.357143,0.039379,0,0,0.844444,0.285714,0.4,0.266667,0.035837,0.034884,0.051136,1
0.01626,0.428571,0,0.046784,0.030986,0.000152,0,0.125,0.016949,1,0.012647,0,0,0.979592,0.75,0.2,0.2,0.048165,0.011628,0.022727,0
0.105691,0.142857,0,0.017544,0.101408,0,0.006452,0.03125,0.110169,0.041667,0.106065,0,0.055556,0.5,0.230769,0,0,0.062632,0.023256,0.045455,0
0.01626,0.428571,0,0.070175,0.028169,0.000152,0,0.1875,0.016949,1,0.007473,0,0,0.989691,0.6,0.4,0.133333,0.027523,0.011628,0.022727,0
0.073171,0.285714,0,0.05848,0.047887,0.002428,0.03871,0.09375,0.076271,0.375,0.022708,1,0.166667,0.960784,0.296296,0.2,0.066667,0.017074,0.011628,0.040405,0
0.02439,0.428571,0,0.005848,0.011268,0.000152,0,0.015625,0.016949,0.25,0.143432,0,0,0.97619,1,0,0,0.37844,0.011628,0.01515,0
0.666667,0,0,0.280702,0.715493,0.323114,0.03871,0.6875,0.610169,0.434028,0.865766,0.625,0.277778,0,0.086934,0,0,0.081506,0.046512,0.053214,0
0.01626,0.714286,0,0.040936,0.033803,0.000152,0,0.109375,0.016949,1,0.020121,0,0,0.984615,0.75,0.2,0.2,0.077982,0.011628,0.022727,0
0.02439,0.142857,0.068966,0.02924,0.011268,0.000455,0.025806,0.015625,0.025424,1,0.002874,0,0,0.942857,1,0,0,0.005352,0.011628,0.030305,0
0.04065,0.428571,0,0.052632,0.087324,0.000304,0.012903,0.109375,0.033898,0.166667,0.043403,1,0.055556,0.981308,0.4,0.2,0.066667,0.065596,0.011628,0.036364,0
0.073171,0,0,0.040936,0.08169,0.001821,0.032258,0.03125,0.067797,0.3125,0.13021,1,0,0,0.416667,0,0,0.112385,0.081395,0.116164,0
0.02439,0,0,0.02924,0.033803,0,0.025806,0.015625,0.025424,0.25,0.038229,0,0,0,0.555556,0,0,0.09633,0.011628,0.030305,0
0.01626,0.571429,0,0.046784,0.022535,0.000152,0.006452,0.109375,0.016949,1,0.016384,0,0,0.995327,0.625,0.2,0.033333,0.063073,0.011628,0.022727,0
0.03252,0.428571,0.275862,0.081871,0.064789,0.000911,0.058065,0.078125,0.025424,1,0.027019,0,0,0.985915,0.55,0.2,0.033333,0.051606,0.011628,0.034091,0
0.154472,0,0,0.023392,0.132394,0.008651,0.006452,0.046875,0.135593,0.392361,0.113538,1,0,0,0.218045,0,0,0.044423,0.034884,0.055023,1
0.04065,0.428571,0,0.05848,0.042254,0.001518,0.019355,0.109375,0.042373,1,0.017821,0,0,0.9819,0.6,0.6,0.233333,0.026147,0.034884,0.054545,1
0.02439,0.428571,0,0.204678,0.014085,0,0.225806,0,0.025424,0,0.006324,1,0,0.944444,0.666667,0,0,0.013761,0.011628,0.01515,0
0.04878,0.428571,0,0.105263,0.059155,0.002277,0.045161,0.171875,0.050847,0.5,0.022995,0,0,0.9819,0.375,0.6,0.266667,0.027905,0.011628,0.030305,0
0.056911,0.428571,0,0.081871,0.050704,0,0.019355,0.1875,0.050847,0.083333,0.04484,0,0.055556,0.931034,0.367347,0.6,0.566667,0.048493,0.023256,0.045455,0
0.097561,0.142857,0,0.035088,0.087324,0.000911,0,0.09375,0.09322,0.301136,0.070423,1,0.222222,0.5,0.319444,0.2,0.166667,0.043005,0.034884,0.060605,0
0.01626,0.428571,0,0.035088,0.042254,0.000152,0,0.09375,0.016949,1,0.020983,0,0,0.979592,0.75,0.2,0.2,0.081422,0.011628,0.022727,0
0.01626,0.428571,0,0.035088,0.028169,0.000152,0,0.09375,0.016949,1,0.008623,0,0,0.979592,0.75,0.2,0.2,0.03211,0.011628,0.022727,0
0.073171,0.571429,0,0.122807,0.23662,0.003035,0.006452,0.328125,0.076271,0.34375,0.168439,1,0.055556,0.965812,0.311111,1,0.333333,0.146534,0.011628,0.040405,1
0.073171,0.142857,0,0.035088,0.070423,0,0.006452,0.078125,0.067797,0.303571,0.106065,1,0.111111,0.555556,0.361111,0.2,0.2,0.089959,0.069767,0.121214,1
0.308943,0.428571,0,0.111111,0.329577,0.088177,0.006452,0.296875,0.237288,0.434889,0.467951,0.545455,0.055556,0.717557,0.142857,0.4,0.6,0.095304,0.488372,0.210527,1
0.894309,0,0,0.076023,0.419718,0.787828,0,0.203125,0.813559,0.471904,0.532624,0.666667,0.444444,0,0.119839,0,0,0.035842,0.116279,0.069836,0
0.097561,0.285714,0,0.233918,0.138028,0,0.006452,0.609375,0.09322,0.166667,0.240299,1,0.111111,0.865854,0.238095,0.4,0.266667,0.156919,0.209302,0.147727,0
0,0,0,0.02924,0,0,0.032258,0,0,1,0.004024,0,0,0,0,0,0,0,0,0,0
0.00813,0.428571,0,0,0.005634,0,0,0,0.008475,1,0.003162,0,0,1,1,0,0,0.016055,0,0,0
0.01626,0.285714,0,0.023392,0.014085,0.000152,0.006452,0.046875,0.016949,1,0.004599,0,0,0.97619,0.75,0.2,0.033333,0.016055,0.011628,0.022727,0
0.00813,0.428571,0,0,0.005634,0,0,0,0.008475,1,0.00115,0,0,1,1,0,0,0.006881,0,0,0
0.146341,0.571429,0,0.128655,0.135211,0.002884,0.032258,0.28125,0.135593,0.375,0.070135,1,0.111111,0.858333,0.185185,0.8,0.466667,0.028287,0.034884,0.060605,0
0.04065,0.285714,0,0.081871,0.138028,0.000607,0.006452,0.21875,0.033898,0.25,0.091693,1,0.055556,0.9375,0.36,0.4,0.166667,0.143578,0.151163,0.145455,0
0.577236,0.142857,0,0.274854,0.428169,0.328274,0.16129,0.390625,0.279661,0.470663,0.385168,0.75,0.333333,0.197674,0.108036,0.2,0.033333,0.040089,0.081395,0.060177,1
0.04065,0,0,0.005848,0.025352,0,0.006452,0,0.042373,0.25,0.011785,1,0,0,0.466667,0,0,0.015596,0.011628,0.036364,0
0.00813,0.142857,0,0.046784,0.005634,0,0.019355,0.078125,0.008475,1,0.002874,0,0,0,1,0,0,0.020642,0,0,0
0.162602,0.142857,0,0.239766,0.123944,0.028836,0.116129,0.46875,0.161017,1,0.101466,0,0,0.634615,0.230769,0.4,0.133333,0.038188,0.093023,0.065909,1
0.02439,0.142857,0,0.017544,0.014085,0.000455,0.006452,0.03125,0,1,0.006899,0,0,0.5,0.555556,0,0,0.016055,0.023256,0.060605,0
0.04065,0.428571,0,0.081871,0.028169,0.000607,0.006452,0.21875,0.033898,0.25,0.010923,1,0,0.947368,0.36,0.4,0.266667,0.014679,0.011628,0.036364,0
0.01626,0.428571,0,0.128655,0.070423,0.000152,0.012903,0.3125,0.016949,1,0.039379,0,0,0.987013,0.625,0.4,0.1,0.154817,0.104651,0.204545,0
0.056911,0.571429,0,0.040936,0.050704,0,0.006452,0.09375,0.059322,0,0.033055,0,0,0.978417,0.285714,0.6,0.466667,0.035059,0.011628,0.019482,0
0.065041,0.142857,0,0.081871,0.053521,0.00425,0.006452,0.21875,0.059322,1,0.02357,0,0,0.825,0.375,0.4,0.1,0.021216,0.023256,0.056818,0
0.01626,0.571429,0,0.023392,0.014085,0.000152,0,0.0625,0.016949,1,0.003449,0,0,0.982143,0.75,0.4,0.233333,0.011468,0.011628,0.022727,0
0.073171,0.142857,0,0.070175,0.056338,0,0.025806,0.15625,0.067797,0.0625,0.060937,1,0.055556,0.789474,0.197531,0.2,0.233333,0.051478,0.081395,0.111109,0
0.04065,0,0,0.05848,0.042254,0.000304,0.006452,0.140625,0.033898,0.25,0.019546,1,0.055556,0,0.342857,0,0,0.027982,0.011628,0.036364,1
0.02439,0.571429,0,0.070175,0.03662,0.000455,0,0.1875,0.025424,1,0.014372,0,0,0.99,0.533333,0.6,0.166667,0.035933,0.011628,0.01515,0
0.00813,0.285714,0.068966,0.017544,0.005634,0,0.019355,0,0.008475,1,0.001437,0,0,1,1,0,0,0.009174,0,0,0
0.121951,0,0.103448,0.052632,0.109859,0.013811,0.032258,0.0625,0.059322,0.405844,0.23685,0.818182,0.166667,0,0.267857,0,0,0.120336,0.162791,0.157577,0
0.01626,0.428571,0,0.05848,0.047887,0.000152,0,0.15625,0.016949,1,0.025007,0,0,0.979592,0.75,0.4,0.233333,0.097477,0.011628,0.022727,0
0.170732,0,0.068966,0.251462,0.138028,0.029747,0.232258,0.125,0.144068,0.4875,0.085944,0.4,0.055556,0,0.15,0,0,0.02927,0.116279,0.060605,1
0.02439,0,0,0,0.025352,0.000152,0,0,0.016949,0.25,0.012647,1,0,0,0.5,0,0,0.029052,0.023256,0.030305,0
0.01626,0.428571,0,0.02924,0.014085,0,0.019355,0.046875,0.016949,0,0.007186,0,0,0.987342,0.666667,0.4,0.1,0.025229,0.023256,0.045455,0
0.00813,0,0,0.011696,0.002817,0,0.006452,0.015625,0.008475,1,0.000287,0,0,0,1,0,0,0,0.011628,0.045455,0
0.01626,0.571429,0,0.040936,0.016901,0.000152,0,0.109375,0.016949,1,0.006036,0,0,0.982456,0.75,0.2,0.2,0.021789,0.011628,0.022727,0
0.772358,0.428571,0.068966,0.087719,0.538028,0,0.012903,0.203125,0.559322,0.460311,0.721184,1,0.111111,0.5,0.197895,0.2,0.833333,0.057967,0.127907,0.092823,1
0.01626,0.285714,0,0.02924,0.011268,0.000152,0.006452,0.0625,0.016949,1,0.002587,0,0,0.97561,0.75,0.2,0.033333,0.008028,0.011628,0.022727,0
0.170732,0.285714,0,0.380117,0.292958,0.01032,0.03871,1,0.169492,0.3825,0.30641,1,0.222222,0.78022,0.210884,0.4,0.266667,0.113041,0.139535,0.142859,0
0.02439,0,0,0.011696,0.022535,0,0.012903,0.015625,0.025424,0.375,0.028744,0,0.055556,0,0.666667,0,0,0.07263,0.046512,0.106059,0
0.04065,0,0,0.035088,0.03662,0.000607,0.025806,0.03125,0.025424,0.375,0.012647,0.5,0.055556,0,0.25,0,0,0.016972,0.011628,0.027273,0
0.04065,0.142857,0,0.035088,0.019718,0.000607,0.006452,0.078125,0.042373,0.25,0.006324,1,0,0.555556,0.325,0,0,0.007339,0.011628,0.036364,0
0.219512,0.285714,0,0.064327,0.24507,0.030505,0.032258,0.15625,0.20339,0.391827,0.200345,1,0,0.444444,0.171329,0.2,0.066667,0.056235,0.034884,0.048823,1
0.146341,0,0,0.076023,0.056338,0.000455,0.083871,0,0.09322,0.147059,0.247197,1,0,0,0.916667,0,0,0.106397,0.093023,0.141414,0
0.00813,0,0,0,0.002817,0,0,0,0.008475,1,0.000287,0,0,0,1,0,0,0,0.011628,0.045455,0
0.00813,0.428571,0,0.011696,0.005634,0,0.006452,0.015625,0.008475,1,0.001437,0,0,1,1,0,0,0.009174,0,0,0
0.04065,0.428571,0,0.111111,0.053521,0.001518,0,0.296875,0.042373,1,0.024432,0,0,0.96,0.333333,0.6,0.4,0.036697,0.023256,0.054545,0
0.04065,0,0,0.239766,0.014085,0.001518,0.264516,0,0.042373,1,0.001437,0,0,0,0.6,0,0,0,0.011628,0.045455,0
0.422764,0.428571,0.275862,0.269006,0.23662,0.156321,0.180645,0.34375,0.381356,0.425654,0.189135,0.833333,0.222222,0.616,0.145105,0.4,0.3,0.0262,0.116279,0.062936,1
0.170732,0,0,0.011696,0.143662,0.020337,0.006452,0.015625,0.177966,0.358333,0.083932,1,0,0,0.265306,0,0,0.02927,0.081395,0.062773,1
0.065041,0.714286,0,0.181287,0.115493,0,0.006452,0.46875,0.067797,0.142857,0.072722,1,0.111111,0.933962,0.25,0.8,0.166667,0.069667,0.093023,0.079545,0
0.146341,0.142857,0,0.25731,0.11831,0.023221,0.116129,0.46875,0.144068,1,0.077034,0,0,0.66,0.283951,0.4,0.133333,0.031855,0.046512,0.058082,0
0.03252,0,0,0.035088,0.011268,0.000911,0.025806,0.03125,0.033898,1,0.00115,0,0,0,0.5,0,0,0,0.011628,0.045455,0
0.01626,0,0,0.005848,0.011268,0.000152,0.006452,0,0.016949,1,0.002587,0,0,0,0.75,0,0,0.008028,0.011628,0.022727,0
0.211382,0.428571,0.206897,0.795322,0.132394,0.043557,0.780645,0.234375,0.220339,0.489231,0.119,1,0.055556,0.795082,0.161538,0.2,0.066667,0.031934,0.046512,0.059441,0
0.00813,0,0,0.005848,0.002817,0,0,0.015625,0.008475,1,0.000287,0,0,0,1,0,0,0,0.011628,0.045455,0
0.03252,0.428571,0,0.111111,0.047887,0,0,0.296875,0.033898,0.333333,0.024145,1,0.111111,0.969697,0.375,0.6,0.266667,0.044725,0.023256,0.045455,0
0.073171,0.142857,0,0.02924,0.067606,0,0.006452,0.0625,0.076271,0.3125,0.030469,1,0.111111,0.555556,0.288889,0.2,0.166667,0.023955,0.034884,0.055555,0
0.00813,0.571429,0.103448,0.040936,0.005634,0,0.03871,0.015625,0,1,0.00115,0,0,1,1,0,0,0.006881,0,0,0
0.219512,0.428571,0.068966,0.122807,0.149296,0.039004,0.051613,0.234375,0.194915,0.403846,0.129635,0.625,0.222222,0.747573,0.138889,0.2,0.133333,0.035338,0.05814,0.072391,1
